-- MySQL dump 10.13  Distrib 8.0.33, for Win64 (x86_64)
--
-- Host: 127.0.0.1    Database: runtraildb
-- ------------------------------------------------------
-- Server version	8.0.39

/*!40101 SET @OLD_CHARACTER_SET_CLIENT=@@CHARACTER_SET_CLIENT */;
/*!40101 SET @OLD_CHARACTER_SET_RESULTS=@@CHARACTER_SET_RESULTS */;
/*!40101 SET @OLD_COLLATION_CONNECTION=@@COLLATION_CONNECTION */;
/*!50503 SET NAMES utf8mb4 */;
/*!40103 SET @OLD_TIME_ZONE=@@TIME_ZONE */;
/*!40103 SET TIME_ZONE='+00:00' */;
/*!40014 SET @OLD_UNIQUE_CHECKS=@@UNIQUE_CHECKS, UNIQUE_CHECKS=0 */;
/*!40014 SET @OLD_FOREIGN_KEY_CHECKS=@@FOREIGN_KEY_CHECKS, FOREIGN_KEY_CHECKS=0 */;
/*!40101 SET @OLD_SQL_MODE=@@SQL_MODE, SQL_MODE='NO_AUTO_VALUE_ON_ZERO' */;
/*!40111 SET @OLD_SQL_NOTES=@@SQL_NOTES, SQL_NOTES=0 */;

--
-- Table structure for table `administrative_regions`
--

DROP TABLE IF EXISTS `administrative_regions`;
/*!40101 SET @saved_cs_client     = @@character_set_client */;
/*!50503 SET character_set_client = utf8mb4 */;
CREATE TABLE `administrative_regions` (
  `id` int NOT NULL,
  `name` varchar(255) NOT NULL,
  `name_en` varchar(255) NOT NULL,
  `code_name` varchar(255) DEFAULT NULL,
  `code_name_en` varchar(255) DEFAULT NULL,
  PRIMARY KEY (`id`)
) ENGINE=InnoDB DEFAULT CHARSET=utf8mb4 COLLATE=utf8mb4_0900_ai_ci;
/*!40101 SET character_set_client = @saved_cs_client */;

--
-- Dumping data for table `administrative_regions`
--

/*!40000 ALTER TABLE `administrative_regions` DISABLE KEYS */;
INSERT INTO `administrative_regions` VALUES (1,'Đông Bắc Bộ','Northeast','dong_bac_bo','northest'),(2,'Tây Bắc Bộ','Northwest','tay_bac_bo','northwest'),(3,'Đồng bằng sông Hồng','Red River Delta','dong_bang_song_hong','red_river_delta'),(4,'Bắc Trung Bộ','North Central Coast','bac_trung_bo','north_central_coast'),(5,'Duyên hải Nam Trung Bộ','South Central Coast','duyen_hai_nam_trung_bo','south_central_coast'),(6,'Tây Nguyên','Central Highlands','tay_nguyen','central_highlands'),(7,'Đông Nam Bộ','Southeast','dong_nam_bo','southeast'),(8,'Đồng bằng sông Cửu Long','Mekong River Delta','dong_bang_song_cuu_long','southwest');
/*!40000 ALTER TABLE `administrative_regions` ENABLE KEYS */;

--
-- Table structure for table `administrative_units`
--

DROP TABLE IF EXISTS `administrative_units`;
/*!40101 SET @saved_cs_client     = @@character_set_client */;
/*!50503 SET character_set_client = utf8mb4 */;
CREATE TABLE `administrative_units` (
  `id` int NOT NULL,
  `full_name` varchar(255) DEFAULT NULL,
  `full_name_en` varchar(255) DEFAULT NULL,
  `short_name` varchar(255) DEFAULT NULL,
  `short_name_en` varchar(255) DEFAULT NULL,
  `code_name` varchar(255) DEFAULT NULL,
  `code_name_en` varchar(255) DEFAULT NULL,
  PRIMARY KEY (`id`)
) ENGINE=InnoDB DEFAULT CHARSET=utf8mb4 COLLATE=utf8mb4_0900_ai_ci;
/*!40101 SET character_set_client = @saved_cs_client */;

--
-- Dumping data for table `administrative_units`
--

/*!40000 ALTER TABLE `administrative_units` DISABLE KEYS */;
INSERT INTO `administrative_units` VALUES (1,'Thành phố trực thuộc trung ương','Municipality','Thành phố','City','thanh_pho_truc_thuoc_trung_uong','municipality'),(2,'Tỉnh','Province','Tỉnh','Province','tinh','province'),(3,'Thành phố thuộc thành phố trực thuộc trung ương','Municipal city','Thành phố','City','thanh_pho_thuoc_thanh_pho_truc_thuoc_trung_uong','municipal_city'),(4,'Thành phố thuộc tỉnh','Provincial city','Thành phố','City','thanh_pho_thuoc_tinh','provincial_city'),(5,'Quận','Urban district','Quận','District','quan','urban_district'),(6,'Thị xã','District-level town','Thị xã','Town','thi_xa','district_level_town'),(7,'Huyện','District','Huyện','District','huyen','district'),(8,'Phường','Ward','Phường','Ward','phuong','ward'),(9,'Thị trấn','Commune-level town','Thị trấn','Township','thi_tran','commune_level_town'),(10,'Xã','Commune','Xã','Commune','xa','commune');
/*!40000 ALTER TABLE `administrative_units` ENABLE KEYS */;

--
-- Table structure for table `brand`
--

DROP TABLE IF EXISTS `brand`;
/*!40101 SET @saved_cs_client     = @@character_set_client */;
/*!50503 SET character_set_client = utf8mb4 */;
CREATE TABLE `brand` (
  `id` bigint NOT NULL AUTO_INCREMENT,
  `brand_name` varchar(50) NOT NULL,
  `brand_desc` varchar(255) DEFAULT NULL,
  `brand_logo` varchar(255) NOT NULL,
  PRIMARY KEY (`id`)
) ENGINE=InnoDB AUTO_INCREMENT=11 DEFAULT CHARSET=utf8mb4 COLLATE=utf8mb4_0900_ai_ci;
/*!40101 SET character_set_client = @saved_cs_client */;

--
-- Dumping data for table `brand`
--

/*!40000 ALTER TABLE `brand` DISABLE KEYS */;
INSERT INTO `brand` VALUES (1,'NORDA','Global sports brand','NORDA.png'),(2,'ON RUNNING','Athletic shoes, apparel, and accessories','ON_RUNNING.png'),(3,'SAUCONY','Sportswear and casual wear','SAUCONY.png'),(4,'XEROSHOES','Sports and fitness apparel','XEROSHOES.png'),(5,'NEW BALANCE','Athletic shoes and apparel','NEW_BALANCE.png'),(6,'NIKE','Leading sportswear brand','NIKE.png'),(7,'ADIDAS','Global sports brand','ADIDAS.png'),(8,'PUMA','Sportswear and casual wear','PUMA.png'),(9,'REEBOK','Sports and fitness apparel','REEBOK.png'),(10,'UNDER ARMOUR','Athletic shoes and apparel','UNDER_ARMOUR.png');
/*!40000 ALTER TABLE `brand` ENABLE KEYS */;

--
-- Table structure for table `categories`
--

DROP TABLE IF EXISTS `categories`;
/*!40101 SET @saved_cs_client     = @@character_set_client */;
/*!50503 SET character_set_client = utf8mb4 */;
CREATE TABLE `categories` (
  `id` bigint NOT NULL AUTO_INCREMENT,
  `name` varchar(255) NOT NULL,
  `parent_id` bigint DEFAULT NULL,
  PRIMARY KEY (`id`)
) ENGINE=InnoDB AUTO_INCREMENT=25 DEFAULT CHARSET=utf8mb4 COLLATE=utf8mb4_0900_ai_ci;
/*!40101 SET character_set_client = @saved_cs_client */;

--
-- Dumping data for table `categories`
--

/*!40000 ALTER TABLE `categories` DISABLE KEYS */;
INSERT INTO `categories` VALUES (1,'Giày Chạy Bộ',NULL),(2,'Giày Địa Hình',NULL),(3,'Phụ Kiện',NULL),(4,'Đồng Hồ',NULL),(5,'Dinh Dưỡng',NULL),(6,'Quần',NULL),(7,'Áo',NULL),(8,'Giày Chạy Bộ Nam',1),(9,'Giày Chạy Bộ Nữ',1),(10,'Giày Địa Hình Nữ',2),(11,'Giày Địa Hình Nam',2),(12,'Kính',3),(13,'Mũ',3),(14,'Tất',3),(15,'Gậy Địa Hình',3),(16,'Suunto',4),(17,'Coros',4),(18,'Garmin',4),(19,'Gel Năng Lượng',5),(20,'Điện Giải - Hydration',5),(21,'Quần Nam',6),(22,'Quần Nữ',6),(23,'Áo Nam',7),(24,'Áo Nữ',7);
/*!40000 ALTER TABLE `categories` ENABLE KEYS */;

--
-- Table structure for table `districts`
--

DROP TABLE IF EXISTS `districts`;
/*!40101 SET @saved_cs_client     = @@character_set_client */;
/*!50503 SET character_set_client = utf8mb4 */;
CREATE TABLE `districts` (
  `code` varchar(20) NOT NULL,
  `name` varchar(255) NOT NULL,
  `name_en` varchar(255) DEFAULT NULL,
  `full_name` varchar(255) DEFAULT NULL,
  `full_name_en` varchar(255) DEFAULT NULL,
  `code_name` varchar(255) DEFAULT NULL,
  `province_code` varchar(20) DEFAULT NULL,
  `administrative_unit_id` int DEFAULT NULL,
  PRIMARY KEY (`code`),
  KEY `idx_districts_province` (`province_code`),
  KEY `idx_districts_unit` (`administrative_unit_id`),
  CONSTRAINT `districts_administrative_unit_id_fkey` FOREIGN KEY (`administrative_unit_id`) REFERENCES `administrative_units` (`id`),
  CONSTRAINT `districts_province_code_fkey` FOREIGN KEY (`province_code`) REFERENCES `provinces` (`code`)
) ENGINE=InnoDB DEFAULT CHARSET=utf8mb4 COLLATE=utf8mb4_0900_ai_ci;
/*!40101 SET character_set_client = @saved_cs_client */;

--
-- Dumping data for table `districts`
--

/*!40000 ALTER TABLE `districts` DISABLE KEYS */;
INSERT INTO `districts` VALUES ('001','Ba Đình','Ba Dinh','Quận Ba Đình','Ba Dinh District','ba_dinh','01',5),('002','Hoàn Kiếm','Hoan Kiem','Quận Hoàn Kiếm','Hoan Kiem District','hoan_kiem','01',5),('003','Tây Hồ','Tay Ho','Quận Tây Hồ','Tay Ho District','tay_ho','01',5),('004','Long Biên','Long Bien','Quận Long Biên','Long Bien District','long_bien','01',5),('005','Cầu Giấy','Cau Giay','Quận Cầu Giấy','Cau Giay District','cau_giay','01',5),('006','Đống Đa','Dong Da','Quận Đống Đa','Dong Da District','dong_da','01',5),('007','Hai Bà Trưng','Hai Ba Trung','Quận Hai Bà Trưng','Hai Ba Trung District','hai_ba_trung','01',5),('008','Hoàng Mai','Hoang Mai','Quận Hoàng Mai','Hoang Mai District','hoang_mai','01',5),('009','Thanh Xuân','Thanh Xuan','Quận Thanh Xuân','Thanh Xuan District','thanh_xuan','01',5),('016','Sóc Sơn','Soc Son','Huyện Sóc Sơn','Soc Son District','soc_son','01',7),('017','Đông Anh','Dong Anh','Huyện Đông Anh','Dong Anh District','dong_anh','01',7),('018','Gia Lâm','Gia Lam','Huyện Gia Lâm','Gia Lam District','gia_lam','01',7),('019','Nam Từ Liêm','Nam Tu Liem','Quận Nam Từ Liêm','Nam Tu Liem District','nam_tu_liem','01',5),('020','Thanh Trì','Thanh Tri','Huyện Thanh Trì','Thanh Tri District','thanh_tri','01',7),('021','Bắc Từ Liêm','Bac Tu Liem','Quận Bắc Từ Liêm','Bac Tu Liem District','bac_tu_liem','01',5),('024','Hà Giang','Ha Giang','Thành phố Hà Giang','Ha Giang City','ha_giang','02',4),('026','Đồng Văn','Dong Van','Huyện Đồng Văn','Dong Van District','dong_van','02',7),('027','Mèo Vạc','Meo Vac','Huyện Mèo Vạc','Meo Vac District','meo_vac','02',7),('028','Yên Minh','Yen Minh','Huyện Yên Minh','Yen Minh District','yen_minh','02',7),('029','Quản Bạ','Quan Ba','Huyện Quản Bạ','Quan Ba District','quan_ba','02',7),('030','Vị Xuyên','Vi Xuyen','Huyện Vị Xuyên','Vi Xuyen District','vi_xuyen','02',7),('031','Bắc Mê','Bac Me','Huyện Bắc Mê','Bac Me District','bac_me','02',7),('032','Hoàng Su Phì','Hoang Su Phi','Huyện Hoàng Su Phì','Hoang Su Phi District','hoang_su_phi','02',7),('033','Xín Mần','Xin Man','Huyện Xín Mần','Xin Man District','xin_man','02',7),('034','Bắc Quang','Bac Quang','Huyện Bắc Quang','Bac Quang District','bac_quang','02',7),('035','Quang Bình','Quang Binh','Huyện Quang Bình','Quang Binh District','quang_binh','02',7),('040','Cao Bằng','Cao Bang','Thành phố Cao Bằng','Cao Bang City','cao_bang','04',4),('042','Bảo Lâm','Bao Lam','Huyện Bảo Lâm','Bao Lam District','bao_lam','04',7),('043','Bảo Lạc','Bao Lac','Huyện Bảo Lạc','Bao Lac District','bao_lac','04',7),('045','Hà Quảng','Ha Quang','Huyện Hà Quảng','Ha Quang District','ha_quang','04',7),('047','Trùng Khánh','Trung Khanh','Huyện Trùng Khánh','Trung Khanh District','trung_khanh','04',7),('048','Hạ Lang','Ha Lang','Huyện Hạ Lang','Ha Lang District','ha_lang','04',7),('049','Quảng Hòa','Quang Hoa','Huyện Quảng Hòa','Quang Hoa District','quang_hoa','04',7),('051','Hoà An','Hoa An','Huyện Hoà An','Hoa An District','hoa_an','04',7),('052','Nguyên Bình','Nguyen Binh','Huyện Nguyên Bình','Nguyen Binh District','nguyen_binh','04',7),('053','Thạch An','Thach An','Huyện Thạch An','Thach An District','thach_an','04',7),('058','Bắc Kạn','Bac Kan','Thành phố Bắc Kạn','Bac Kan City','bac_kan','06',4),('060','Pác Nặm','Pac Nam','Huyện Pác Nặm','Pac Nam District','pac_nam','06',7),('061','Ba Bể','Ba Be','Huyện Ba Bể','Ba Be District','ba_be','06',7),('062','Ngân Sơn','Ngan Son','Huyện Ngân Sơn','Ngan Son District','ngan_son','06',7),('063','Bạch Thông','Bach Thong','Huyện Bạch Thông','Bach Thong District','bach_thong','06',7),('064','Chợ Đồn','Cho Don','Huyện Chợ Đồn','Cho Don District','cho_don','06',7),('065','Chợ Mới','Cho Moi','Huyện Chợ Mới','Cho Moi District','cho_moi','06',7),('066','Na Rì','Na Ri','Huyện Na Rì','Na Ri District','na_ri','06',7),('070','Tuyên Quang','Tuyen Quang','Thành phố Tuyên Quang','Tuyen Quang City','tuyen_quang','08',4),('071','Lâm Bình','Lam Binh','Huyện Lâm Bình','Lam Binh District','lam_binh','08',7),('072','Na Hang','Na Hang','Huyện Na Hang','Na Hang District','na_hang','08',7),('073','Chiêm Hóa','Chiem Hoa','Huyện Chiêm Hóa','Chiem Hoa District','chiem_hoa','08',7),('074','Hàm Yên','Ham Yen','Huyện Hàm Yên','Ham Yen District','ham_yen','08',7),('075','Yên Sơn','Yen Son','Huyện Yên Sơn','Yen Son District','yen_son','08',7),('076','Sơn Dương','Son Duong','Huyện Sơn Dương','Son Duong District','son_duong','08',7),('080','Lào Cai','Lao Cai','Thành phố Lào Cai','Lao Cai City','lao_cai','10',4),('082','Bát Xát','Bat Xat','Huyện Bát Xát','Bat Xat District','bat_xat','10',7),('083','Mường Khương','Muong Khuong','Huyện Mường Khương','Muong Khuong District','muong_khuong','10',7),('084','Si Ma Cai','Si Ma Cai','Huyện Si Ma Cai','Si Ma Cai District','si_ma_cai','10',7),('085','Bắc Hà','Bac Ha','Huyện Bắc Hà','Bac Ha District','bac_ha','10',7),('086','Bảo Thắng','Bao Thang','Huyện Bảo Thắng','Bao Thang District','bao_thang','10',7),('087','Bảo Yên','Bao Yen','Huyện Bảo Yên','Bao Yen District','bao_yen','10',7),('088','Sa Pa','Sa Pa','Thị xã Sa Pa','Sa Pa Town','sa_pa','10',6),('089','Văn Bàn','Van Ban','Huyện Văn Bàn','Van Ban District','van_ban','10',7),('094','Điện Biên Phủ','Dien Bien Phu','Thành phố Điện Biên Phủ','Dien Bien Phu City','dien_bien_phu','11',4),('095','Mường Lay','Muong Lay','Thị xã Mường Lay','Muong Lay Town','muong_lay','11',6),('096','Mường Nhé','Muong Nhe','Huyện Mường Nhé','Muong Nhe District','muong_nhe','11',7),('097','Mường Chà','Muong Cha','Huyện Mường Chà','Muong Cha District','muong_cha','11',7),('098','Tủa Chùa','Tua Chua','Huyện Tủa Chùa','Tua Chua District','tua_chua','11',7),('099','Tuần Giáo','Tuan Giao','Huyện Tuần Giáo','Tuan Giao District','tuan_giao','11',7),('100','Điện Biên','Dien Bien','Huyện Điện Biên','Dien Bien District','dien_bien','11',7),('101','Điện Biên Đông','Dien Bien Dong','Huyện Điện Biên Đông','Dien Bien Dong District','dien_bien_dong','11',7),('102','Mường Ảng','Muong Ang','Huyện Mường Ảng','Muong Ang District','muong_ang','11',7),('103','Nậm Pồ','Nam Po','Huyện Nậm Pồ','Nam Po District','nam_po','11',7),('105','Lai Châu','Lai Chau','Thành phố Lai Châu','Lai Chau City','lai_chau','12',4),('106','Tam Đường','Tam Duong','Huyện Tam Đường','Tam Duong District','tam_duong','12',7),('107','Mường Tè','Muong Te','Huyện Mường Tè','Muong Te District','muong_te','12',7),('108','Sìn Hồ','Sin Ho','Huyện Sìn Hồ','Sin Ho District','sin_ho','12',7),('109','Phong Thổ','Phong Tho','Huyện Phong Thổ','Phong Tho District','phong_tho','12',7),('110','Than Uyên','Than Uyen','Huyện Than Uyên','Than Uyen District','than_uyen','12',7),('111','Tân Uyên','Tan Uyen','Huyện Tân Uyên','Tan Uyen District','tan_uyen','12',7),('112','Nậm Nhùn','Nam Nhun','Huyện Nậm Nhùn','Nam Nhun District','nam_nhun','12',7),('116','Sơn La','Son La','Thành phố Sơn La','Son La City','son_la','14',4),('118','Quỳnh Nhai','Quynh Nhai','Huyện Quỳnh Nhai','Quynh Nhai District','quynh_nhai','14',7),('119','Thuận Châu','Thuan Chau','Huyện Thuận Châu','Thuan Chau District','thuan_chau','14',7),('120','Mường La','Muong La','Huyện Mường La','Muong La District','muong_la','14',7),('121','Bắc Yên','Bac Yen','Huyện Bắc Yên','Bac Yen District','bac_yen','14',7),('122','Phù Yên','Phu Yen','Huyện Phù Yên','Phu Yen District','phu_yen','14',7),('123','Mộc Châu','Moc Chau','Huyện Mộc Châu','Moc Chau District','moc_chau','14',7),('124','Yên Châu','Yen Chau','Huyện Yên Châu','Yen Chau District','yen_chau','14',7),('125','Mai Sơn','Mai Son','Huyện Mai Sơn','Mai Son District','mai_son','14',7),('126','Sông Mã','Song Ma','Huyện Sông Mã','Song Ma District','song_ma','14',7),('127','Sốp Cộp','Sop Cop','Huyện Sốp Cộp','Sop Cop District','sop_cop','14',7),('128','Vân Hồ','Van Ho','Huyện Vân Hồ','Van Ho District','van_ho','14',7),('132','Yên Bái','Yen Bai','Thành phố Yên Bái','Yen Bai City','yen_bai','15',4),('133','Nghĩa Lộ','Nghia Lo','Thị xã Nghĩa Lộ','Nghia Lo Town','nghia_lo','15',6),('135','Lục Yên','Luc Yen','Huyện Lục Yên','Luc Yen District','luc_yen','15',7),('136','Văn Yên','Van Yen','Huyện Văn Yên','Van Yen District','van_yen','15',7),('137','Mù Căng Chải','Mu Cang Chai','Huyện Mù Căng Chải','Mu Cang Chai District','mu_cang_chai','15',7),('138','Trấn Yên','Tran Yen','Huyện Trấn Yên','Tran Yen District','tran_yen','15',7),('139','Trạm Tấu','Tram Tau','Huyện Trạm Tấu','Tram Tau District','tram_tau','15',7),('140','Văn Chấn','Van Chan','Huyện Văn Chấn','Van Chan District','van_chan','15',7),('141','Yên Bình','Yen Binh','Huyện Yên Bình','Yen Binh District','yen_binh','15',7),('148','Hòa Bình','Hoa Binh','Thành phố Hòa Bình','Hoa Binh City','hoa_binh','17',4),('150','Đà Bắc','Da Bac','Huyện Đà Bắc','Da Bac District','da_bac','17',7),('152','Lương Sơn','Luong Son','Huyện Lương Sơn','Luong Son District','luong_son','17',7),('153','Kim Bôi','Kim Boi','Huyện Kim Bôi','Kim Boi District','kim_boi','17',7),('154','Cao Phong','Cao Phong','Huyện Cao Phong','Cao Phong District','cao_phong','17',7),('155','Tân Lạc','Tan Lac','Huyện Tân Lạc','Tan Lac District','tan_lac','17',7),('156','Mai Châu','Mai Chau','Huyện Mai Châu','Mai Chau District','mai_chau','17',7),('157','Lạc Sơn','Lac Son','Huyện Lạc Sơn','Lac Son District','lac_son','17',7),('158','Yên Thủy','Yen Thuy','Huyện Yên Thủy','Yen Thuy District','yen_thuy','17',7),('159','Lạc Thủy','Lac Thuy','Huyện Lạc Thủy','Lac Thuy District','lac_thuy','17',7),('164','Thái Nguyên','Thai Nguyen','Thành phố Thái Nguyên','Thai Nguyen City','thai_nguyen','19',4),('165','Sông Công','Song Cong','Thành phố Sông Công','Song Cong City','song_cong','19',4),('167','Định Hóa','Dinh Hoa','Huyện Định Hóa','Dinh Hoa District','dinh_hoa','19',7),('168','Phú Lương','Phu Luong','Huyện Phú Lương','Phu Luong District','phu_luong','19',7),('169','Đồng Hỷ','Dong Hy','Huyện Đồng Hỷ','Dong Hy District','dong_hy','19',7),('170','Võ Nhai','Vo Nhai','Huyện Võ Nhai','Vo Nhai District','vo_nhai','19',7),('171','Đại Từ','Dai Tu','Huyện Đại Từ','Dai Tu District','dai_tu','19',7),('172','Phổ Yên','Pho Yen','Thành phố Phổ Yên','Pho Yen City','pho_yen','19',4),('173','Phú Bình','Phu Binh','Huyện Phú Bình','Phu Binh District','phu_binh','19',7),('178','Lạng Sơn','Lang Son','Thành phố Lạng Sơn','Lang Son City','lang_son','20',4),('180','Tràng Định','Trang Dinh','Huyện Tràng Định','Trang Dinh District','trang_dinh','20',7),('181','Bình Gia','Binh Gia','Huyện Bình Gia','Binh Gia District','binh_gia','20',7),('182','Văn Lãng','Van Lang','Huyện Văn Lãng','Van Lang District','van_lang','20',7),('183','Cao Lộc','Cao Loc','Huyện Cao Lộc','Cao Loc District','cao_loc','20',7),('184','Văn Quan','Van Quan','Huyện Văn Quan','Van Quan District','van_quan','20',7),('185','Bắc Sơn','Bac Son','Huyện Bắc Sơn','Bac Son District','bac_son','20',7),('186','Hữu Lũng','Huu Lung','Huyện Hữu Lũng','Huu Lung District','huu_lung','20',7),('187','Chi Lăng','Chi Lang','Huyện Chi Lăng','Chi Lang District','chi_lang','20',7),('188','Lộc Bình','Loc Binh','Huyện Lộc Bình','Loc Binh District','loc_binh','20',7),('189','Đình Lập','Dinh Lap','Huyện Đình Lập','Dinh Lap District','dinh_lap','20',7),('193','Hạ Long','Ha Long','Thành phố Hạ Long','Ha Long City','ha_long','22',4),('194','Móng Cái','Mong Cai','Thành phố Móng Cái','Mong Cai City','mong_cai','22',4),('195','Cẩm Phả','Cam Pha','Thành phố Cẩm Phả','Cam Pha City','cam_pha','22',4),('196','Uông Bí','Uong Bi','Thành phố Uông Bí','Uong Bi City','uong_bi','22',4),('198','Bình Liêu','Binh Lieu','Huyện Bình Liêu','Binh Lieu District','binh_lieu','22',7),('199','Tiên Yên','Tien Yen','Huyện Tiên Yên','Tien Yen District','tien_yen','22',7),('200','Đầm Hà','Dam Ha','Huyện Đầm Hà','Dam Ha District','dam_ha','22',7),('201','Hải Hà','Hai Ha','Huyện Hải Hà','Hai Ha District','hai_ha','22',7),('202','Ba Chẽ','Ba Che','Huyện Ba Chẽ','Ba Che District','ba_che','22',7),('203','Vân Đồn','Van Don','Huyện Vân Đồn','Van Don District','van_don','22',7),('205','Đông Triều','Dong Trieu','Thành phố Đông Triều','Dong Trieu City','dong_trieu','22',4),('206','Quảng Yên','Quang Yen','Thị xã Quảng Yên','Quang Yen Town','quang_yen','22',6),('207','Cô Tô','Co To','Huyện Cô Tô','Co To District','co_to','22',7),('213','Bắc Giang','Bac Giang','Thành phố Bắc Giang','Bac Giang City','bac_giang','24',4),('215','Yên Thế','Yen The','Huyện Yên Thế','Yen The District','yen_the','24',7),('216','Tân Yên','Tan Yen','Huyện Tân Yên','Tan Yen District','tan_yen','24',7),('217','Lạng Giang','Lang Giang','Huyện Lạng Giang','Lang Giang District','lang_giang','24',7),('218','Lục Nam','Luc Nam','Huyện Lục Nam','Luc Nam District','luc_nam','24',7),('219','Lục Ngạn','Luc Ngan','Huyện Lục Ngạn','Luc Ngan District','luc_ngan','24',7),('220','Sơn Động','Son Dong','Huyện Sơn Động','Son Dong District','son_dong','24',7),('221','Yên Dũng','Yen Dung','Huyện Yên Dũng','Yen Dung District','yen_dung','24',7),('222','Việt Yên','Viet Yen','Thị xã Việt Yên','Viet Yen Town','viet_yen','24',6),('223','Hiệp Hòa','Hiep Hoa','Huyện Hiệp Hòa','Hiep Hoa District','hiep_hoa','24',7),('227','Việt Trì','Viet Tri','Thành phố Việt Trì','Viet Tri City','viet_tri','25',4),('228','Phú Thọ','Phu Tho','Thị xã Phú Thọ','Phu Tho Town','phu_tho','25',6),('230','Đoan Hùng','Doan Hung','Huyện Đoan Hùng','Doan Hung District','doan_hung','25',7),('231','Hạ Hoà','Ha Hoa','Huyện Hạ Hoà','Ha Hoa District','ha_hoa','25',7),('232','Thanh Ba','Thanh Ba','Huyện Thanh Ba','Thanh Ba District','thanh_ba','25',7),('233','Phù Ninh','Phu Ninh','Huyện Phù Ninh','Phu Ninh District','phu_ninh','25',7),('234','Yên Lập','Yen Lap','Huyện Yên Lập','Yen Lap District','yen_lap','25',7),('235','Cẩm Khê','Cam Khe','Huyện Cẩm Khê','Cam Khe District','cam_khe','25',7),('236','Tam Nông','Tam Nong','Huyện Tam Nông','Tam Nong District','tam_nong','25',7),('237','Lâm Thao','Lam Thao','Huyện Lâm Thao','Lam Thao District','lam_thao','25',7),('238','Thanh Sơn','Thanh Son','Huyện Thanh Sơn','Thanh Son District','thanh_son','25',7),('239','Thanh Thuỷ','Thanh Thuy','Huyện Thanh Thuỷ','Thanh Thuy District','thanh_thuy','25',7),('240','Tân Sơn','Tan Son','Huyện Tân Sơn','Tan Son District','tan_son','25',7),('243','Vĩnh Yên','Vinh Yen','Thành phố Vĩnh Yên','Vinh Yen City','vinh_yen','26',4),('244','Phúc Yên','Phuc Yen','Thành phố Phúc Yên','Phuc Yen City','phuc_yen','26',4),('246','Lập Thạch','Lap Thach','Huyện Lập Thạch','Lap Thach District','lap_thach','26',7),('247','Tam Dương','Tam Duong','Huyện Tam Dương','Tam Duong District','tam_duong','26',7),('248','Tam Đảo','Tam Dao','Huyện Tam Đảo','Tam Dao District','tam_dao','26',7),('249','Bình Xuyên','Binh Xuyen','Huyện Bình Xuyên','Binh Xuyen District','binh_xuyen','26',7),('250','Mê Linh','Me Linh','Huyện Mê Linh','Me Linh District','me_linh','01',7),('251','Yên Lạc','Yen Lac','Huyện Yên Lạc','Yen Lac District','yen_lac','26',7),('252','Vĩnh Tường','Vinh Tuong','Huyện Vĩnh Tường','Vinh Tuong District','vinh_tuong','26',7),('253','Sông Lô','Song Lo','Huyện Sông Lô','Song Lo District','song_lo','26',7),('256','Bắc Ninh','Bac Ninh','Thành phố Bắc Ninh','Bac Ninh City','bac_ninh','27',4),('258','Yên Phong','Yen Phong','Huyện Yên Phong','Yen Phong District','yen_phong','27',7),('259','Quế Võ','Que Vo','Thị xã Quế Võ','Que Vo Town','que_vo','27',6),('260','Tiên Du','Tien Du','Huyện Tiên Du','Tien Du District','tien_du','27',7),('261','Từ Sơn','Tu Son','Thành phố Từ Sơn','Tu Son City','tu_son','27',4),('262','Thuận Thành','Thuan Thanh','Thị xã Thuận Thành','Thuan Thanh Town','thuan_thanh','27',6),('263','Gia Bình','Gia Binh','Huyện Gia Bình','Gia Binh District','gia_binh','27',7),('264','Lương Tài','Luong Tai','Huyện Lương Tài','Luong Tai District','luong_tai','27',7),('268','Hà Đông','Ha Dong','Quận Hà Đông','Ha Dong District','ha_dong','01',5),('269','Sơn Tây','Son Tay','Thị xã Sơn Tây','Son Tay Town','son_tay','01',6),('271','Ba Vì','Ba Vi','Huyện Ba Vì','Ba Vi District','ba_vi','01',7),('272','Phúc Thọ','Phuc Tho','Huyện Phúc Thọ','Phuc Tho District','phuc_tho','01',7),('273','Đan Phượng','Dan Phuong','Huyện Đan Phượng','Dan Phuong District','dan_phuong','01',7),('274','Hoài Đức','Hoai Duc','Huyện Hoài Đức','Hoai Duc District','hoai_duc','01',7),('275','Quốc Oai','Quoc Oai','Huyện Quốc Oai','Quoc Oai District','quoc_oai','01',7),('276','Thạch Thất','Thach That','Huyện Thạch Thất','Thach That District','thach_that','01',7),('277','Chương Mỹ','Chuong My','Huyện Chương Mỹ','Chuong My District','chuong_my','01',7),('278','Thanh Oai','Thanh Oai','Huyện Thanh Oai','Thanh Oai District','thanh_oai','01',7),('279','Thường Tín','Thuong Tin','Huyện Thường Tín','Thuong Tin District','thuong_tin','01',7),('280','Phú Xuyên','Phu Xuyen','Huyện Phú Xuyên','Phu Xuyen District','phu_xuyen','01',7),('281','Ứng Hòa','Ung Hoa','Huyện Ứng Hòa','Ung Hoa District','ung_hoa','01',7),('282','Mỹ Đức','My Duc','Huyện Mỹ Đức','My Duc District','my_duc','01',7),('288','Hải Dương','Hai Duong','Thành phố Hải Dương','Hai Duong City','hai_duong','30',4),('290','Chí Linh','Chi Linh','Thành phố Chí Linh','Chi Linh City','chi_linh','30',4),('291','Nam Sách','Nam Sach','Huyện Nam Sách','Nam Sach District','nam_sach','30',7),('292','Kinh Môn','Kinh Mon','Thị xã Kinh Môn','Kinh Mon Town','kinh_mon','30',6),('293','Kim Thành','Kim Thanh','Huyện Kim Thành','Kim Thanh District','kim_thanh','30',7),('294','Thanh Hà','Thanh Ha','Huyện Thanh Hà','Thanh Ha District','thanh_ha','30',7),('295','Cẩm Giàng','Cam Giang','Huyện Cẩm Giàng','Cam Giang District','cam_giang','30',7),('296','Bình Giang','Binh Giang','Huyện Bình Giang','Binh Giang District','binh_giang','30',7),('297','Gia Lộc','Gia Loc','Huyện Gia Lộc','Gia Loc District','gia_loc','30',7),('298','Tứ Kỳ','Tu Ky','Huyện Tứ Kỳ','Tu Ky District','tu_ky','30',7),('299','Ninh Giang','Ninh Giang','Huyện Ninh Giang','Ninh Giang District','ninh_giang','30',7),('300','Thanh Miện','Thanh Mien','Huyện Thanh Miện','Thanh Mien District','thanh_mien','30',7),('303','Hồng Bàng','Hong Bang','Quận Hồng Bàng','Hong Bang District','hong_bang','31',5),('304','Ngô Quyền','Ngo Quyen','Quận Ngô Quyền','Ngo Quyen District','ngo_quyen','31',5),('305','Lê Chân','Le Chan','Quận Lê Chân','Le Chan District','le_chan','31',5),('306','Hải An','Hai An','Quận Hải An','Hai An District','hai_an','31',5),('307','Kiến An','Kien An','Quận Kiến An','Kien An District','kien_an','31',5),('308','Đồ Sơn','Do Son','Quận Đồ Sơn','Do Son District','do_son','31',5),('309','Dương Kinh','Duong Kinh','Quận Dương Kinh','Duong Kinh District','duong_kinh','31',5),('311','Thuỷ Nguyên','Thuy Nguyen','Huyện Thuỷ Nguyên','Thuy Nguyen District','thuy_nguyen','31',7),('312','An Dương','An Duong','Huyện An Dương','An Duong District','an_duong','31',7),('313','An Lão','An Lao','Huyện An Lão','An Lao District','an_lao','31',7),('314','Kiến Thuỵ','Kien Thuy','Huyện Kiến Thuỵ','Kien Thuy District','kien_thuy','31',7),('315','Tiên Lãng','Tien Lang','Huyện Tiên Lãng','Tien Lang District','tien_lang','31',7),('316','Vĩnh Bảo','Vinh Bao','Huyện Vĩnh Bảo','Vinh Bao District','vinh_bao','31',7),('317','Cát Hải','Cat Hai','Huyện Cát Hải','Cat Hai District','cat_hai','31',7),('318','Bạch Long Vĩ','Bach Long Vi','Huyện Bạch Long Vĩ','Bach Long Vi District','bach_long_vi','31',7),('323','Hưng Yên','Hung Yen','Thành phố Hưng Yên','Hung Yen City','hung_yen','33',4),('325','Văn Lâm','Van Lam','Huyện Văn Lâm','Van Lam District','van_lam','33',7),('326','Văn Giang','Van Giang','Huyện Văn Giang','Van Giang District','van_giang','33',7),('327','Yên Mỹ','Yen My','Huyện Yên Mỹ','Yen My District','yen_my','33',7),('328','Mỹ Hào','My Hao','Thị xã Mỹ Hào','My Hao Town','my_hao','33',6),('329','Ân Thi','An Thi','Huyện Ân Thi','An Thi District','an_thi','33',7),('330','Khoái Châu','Khoai Chau','Huyện Khoái Châu','Khoai Chau District','khoai_chau','33',7),('331','Kim Động','Kim Dong','Huyện Kim Động','Kim Dong District','kim_dong','33',7),('332','Tiên Lữ','Tien Lu','Huyện Tiên Lữ','Tien Lu District','tien_lu','33',7),('333','Phù Cừ','Phu Cu','Huyện Phù Cừ','Phu Cu District','phu_cu','33',7),('336','Thái Bình','Thai Binh','Thành phố Thái Bình','Thai Binh City','thai_binh','34',4),('338','Quỳnh Phụ','Quynh Phu','Huyện Quỳnh Phụ','Quynh Phu District','quynh_phu','34',7),('339','Hưng Hà','Hung Ha','Huyện Hưng Hà','Hung Ha District','hung_ha','34',7),('340','Đông Hưng','Dong Hung','Huyện Đông Hưng','Dong Hung District','dong_hung','34',7),('341','Thái Thụy','Thai Thuy','Huyện Thái Thụy','Thai Thuy District','thai_thuy','34',7),('342','Tiền Hải','Tien Hai','Huyện Tiền Hải','Tien Hai District','tien_hai','34',7),('343','Kiến Xương','Kien Xuong','Huyện Kiến Xương','Kien Xuong District','kien_xuong','34',7),('344','Vũ Thư','Vu Thu','Huyện Vũ Thư','Vu Thu District','vu_thu','34',7),('347','Phủ Lý','Phu Ly','Thành phố Phủ Lý','Phu Ly City','phu_ly','35',4),('349','Duy Tiên','Duy Tien','Thị xã Duy Tiên','Duy Tien Town','duy_tien','35',6),('350','Kim Bảng','Kim Bang','Huyện Kim Bảng','Kim Bang District','kim_bang','35',7),('351','Thanh Liêm','Thanh Liem','Huyện Thanh Liêm','Thanh Liem District','thanh_liem','35',7),('352','Bình Lục','Binh Luc','Huyện Bình Lục','Binh Luc District','binh_luc','35',7),('353','Lý Nhân','Ly Nhan','Huyện Lý Nhân','Ly Nhan District','ly_nhan','35',7),('356','Nam Định','Nam Dinh','Thành phố Nam Định','Nam Dinh City','nam_dinh','36',4),('359','Vụ Bản','Vu Ban','Huyện Vụ Bản','Vu Ban District','vu_ban','36',7),('360','Ý Yên','Y Yen','Huyện Ý Yên','Y Yen District','y_yen','36',7),('361','Nghĩa Hưng','Nghia Hung','Huyện Nghĩa Hưng','Nghia Hung District','nghia_hung','36',7),('362','Nam Trực','Nam Truc','Huyện Nam Trực','Nam Truc District','nam_truc','36',7),('363','Trực Ninh','Truc Ninh','Huyện Trực Ninh','Truc Ninh District','truc_ninh','36',7),('364','Xuân Trường','Xuan Truong','Huyện Xuân Trường','Xuan Truong District','xuan_truong','36',7),('365','Giao Thủy','Giao Thuy','Huyện Giao Thủy','Giao Thuy District','giao_thuy','36',7),('366','Hải Hậu','Hai Hau','Huyện Hải Hậu','Hai Hau District','hai_hau','36',7),('369','Ninh Bình','Ninh Binh','Thành phố Ninh Bình','Ninh Binh City','ninh_binh','37',4),('370','Tam Điệp','Tam Diep','Thành phố Tam Điệp','Tam Diep City','tam_diep','37',4),('372','Nho Quan','Nho Quan','Huyện Nho Quan','Nho Quan District','nho_quan','37',7),('373','Gia Viễn','Gia Vien','Huyện Gia Viễn','Gia Vien District','gia_vien','37',7),('374','Hoa Lư','Hoa Lu','Huyện Hoa Lư','Hoa Lu District','hoa_lu','37',7),('375','Yên Khánh','Yen Khanh','Huyện Yên Khánh','Yen Khanh District','yen_khanh','37',7),('376','Kim Sơn','Kim Son','Huyện Kim Sơn','Kim Son District','kim_son','37',7),('377','Yên Mô','Yen Mo','Huyện Yên Mô','Yen Mo District','yen_mo','37',7),('380','Thanh Hóa','Thanh Hoa','Thành phố Thanh Hóa','Thanh Hoa City','thanh_hoa','38',4),('381','Bỉm Sơn','Bim Son','Thị xã Bỉm Sơn','Bim Son Town','bim_son','38',6),('382','Sầm Sơn','Sam Son','Thành phố Sầm Sơn','Sam Son City','sam_son','38',4),('384','Mường Lát','Muong Lat','Huyện Mường Lát','Muong Lat District','muong_lat','38',7),('385','Quan Hóa','Quan Hoa','Huyện Quan Hóa','Quan Hoa District','quan_hoa','38',7),('386','Bá Thước','Ba Thuoc','Huyện Bá Thước','Ba Thuoc District','ba_thuoc','38',7),('387','Quan Sơn','Quan Son','Huyện Quan Sơn','Quan Son District','quan_son','38',7),('388','Lang Chánh','Lang Chanh','Huyện Lang Chánh','Lang Chanh District','lang_chanh','38',7),('389','Ngọc Lặc','Ngoc Lac','Huyện Ngọc Lặc','Ngoc Lac District','ngoc_lac','38',7),('390','Cẩm Thủy','Cam Thuy','Huyện Cẩm Thủy','Cam Thuy District','cam_thuy','38',7),('391','Thạch Thành','Thach Thanh','Huyện Thạch Thành','Thach Thanh District','thach_thanh','38',7),('392','Hà Trung','Ha Trung','Huyện Hà Trung','Ha Trung District','ha_trung','38',7),('393','Vĩnh Lộc','Vinh Loc','Huyện Vĩnh Lộc','Vinh Loc District','vinh_loc','38',7),('394','Yên Định','Yen Dinh','Huyện Yên Định','Yen Dinh District','yen_dinh','38',7),('395','Thọ Xuân','Tho Xuan','Huyện Thọ Xuân','Tho Xuan District','tho_xuan','38',7),('396','Thường Xuân','Thuong Xuan','Huyện Thường Xuân','Thuong Xuan District','thuong_xuan','38',7),('397','Triệu Sơn','Trieu Son','Huyện Triệu Sơn','Trieu Son District','trieu_son','38',7),('398','Thiệu Hóa','Thieu Hoa','Huyện Thiệu Hóa','Thieu Hoa District','thieu_hoa','38',7),('399','Hoằng Hóa','Hoang Hoa','Huyện Hoằng Hóa','Hoang Hoa District','hoang_hoa','38',7),('400','Hậu Lộc','Hau Loc','Huyện Hậu Lộc','Hau Loc District','hau_loc','38',7),('401','Nga Sơn','Nga Son','Huyện Nga Sơn','Nga Son District','nga_son','38',7),('402','Như Xuân','Nhu Xuan','Huyện Như Xuân','Nhu Xuan District','nhu_xuan','38',7),('403','Như Thanh','Nhu Thanh','Huyện Như Thanh','Nhu Thanh District','nhu_thanh','38',7),('404','Nông Cống','Nong Cong','Huyện Nông Cống','Nong Cong District','nong_cong','38',7),('405','Đông Sơn','Dong Son','Huyện Đông Sơn','Dong Son District','dong_son','38',7),('406','Quảng Xương','Quang Xuong','Huyện Quảng Xương','Quang Xuong District','quang_xuong','38',7),('407','Nghi Sơn','Nghi Son','Thị xã Nghi Sơn','Nghi Son Town','nghi_son','38',6),('412','Vinh','Vinh','Thành phố Vinh','Vinh City','vinh','40',4),('413','Cửa Lò','Cua Lo','Thị xã Cửa Lò','Cua Lo Town','cua_lo','40',6),('414','Thái Hoà','Thai Hoa','Thị xã Thái Hoà','Thai Hoa Town','thai_hoa','40',6),('415','Quế Phong','Que Phong','Huyện Quế Phong','Que Phong District','que_phong','40',7),('416','Quỳ Châu','Quy Chau','Huyện Quỳ Châu','Quy Chau District','quy_chau','40',7),('417','Kỳ Sơn','Ky Son','Huyện Kỳ Sơn','Ky Son District','ky_son','40',7),('418','Tương Dương','Tuong Duong','Huyện Tương Dương','Tuong Duong District','tuong_duong','40',7),('419','Nghĩa Đàn','Nghia Dan','Huyện Nghĩa Đàn','Nghia Dan District','nghia_dan','40',7),('420','Quỳ Hợp','Quy Hop','Huyện Quỳ Hợp','Quy Hop District','quy_hop','40',7),('421','Quỳnh Lưu','Quynh Luu','Huyện Quỳnh Lưu','Quynh Luu District','quynh_luu','40',7),('422','Con Cuông','Con Cuong','Huyện Con Cuông','Con Cuong District','con_cuong','40',7),('423','Tân Kỳ','Tan Ky','Huyện Tân Kỳ','Tan Ky District','tan_ky','40',7),('424','Anh Sơn','Anh Son','Huyện Anh Sơn','Anh Son District','anh_son','40',7),('425','Diễn Châu','Dien Chau','Huyện Diễn Châu','Dien Chau District','dien_chau','40',7),('426','Yên Thành','Yen Thanh','Huyện Yên Thành','Yen Thanh District','yen_thanh','40',7),('427','Đô Lương','Do Luong','Huyện Đô Lương','Do Luong District','do_luong','40',7),('428','Thanh Chương','Thanh Chuong','Huyện Thanh Chương','Thanh Chuong District','thanh_chuong','40',7),('429','Nghi Lộc','Nghi Loc','Huyện Nghi Lộc','Nghi Loc District','nghi_loc','40',7),('430','Nam Đàn','Nam Dan','Huyện Nam Đàn','Nam Dan District','nam_dan','40',7),('431','Hưng Nguyên','Hung Nguyen','Huyện Hưng Nguyên','Hung Nguyen District','hung_nguyen','40',7),('432','Hoàng Mai','Hoang Mai','Thị xã Hoàng Mai','Hoang Mai Town','hoang_mai','40',6),('436','Hà Tĩnh','Ha Tinh','Thành phố Hà Tĩnh','Ha Tinh City','ha_tinh','42',4),('437','Hồng Lĩnh','Hong Linh','Thị xã Hồng Lĩnh','Hong Linh Town','hong_linh','42',6),('439','Hương Sơn','Huong Son','Huyện Hương Sơn','Huong Son District','huong_son','42',7),('440','Đức Thọ','Duc Tho','Huyện Đức Thọ','Duc Tho District','duc_tho','42',7),('441','Vũ Quang','Vu Quang','Huyện Vũ Quang','Vu Quang District','vu_quang','42',7),('442','Nghi Xuân','Nghi Xuan','Huyện Nghi Xuân','Nghi Xuan District','nghi_xuan','42',7),('443','Can Lộc','Can Loc','Huyện Can Lộc','Can Loc District','can_loc','42',7),('444','Hương Khê','Huong Khe','Huyện Hương Khê','Huong Khe District','huong_khe','42',7),('445','Thạch Hà','Thach Ha','Huyện Thạch Hà','Thach Ha District','thach_ha','42',7),('446','Cẩm Xuyên','Cam Xuyen','Huyện Cẩm Xuyên','Cam Xuyen District','cam_xuyen','42',7),('447','Kỳ Anh','Ky Anh','Huyện Kỳ Anh','Ky Anh District','ky_anh','42',7),('448','Lộc Hà','Loc Ha','Huyện Lộc Hà','Loc Ha District','loc_ha','42',7),('449','Kỳ Anh','Ky Anh','Thị xã Kỳ Anh','Ky Anh Town','ky_anh','42',6),('450','Đồng Hới','Dong Hoi','Thành phố Đồng Hới','Dong Hoi City','dong_hoi','44',4),('452','Minh Hóa','Minh Hoa','Huyện Minh Hóa','Minh Hoa District','minh_hoa','44',7),('453','Tuyên Hóa','Tuyen Hoa','Huyện Tuyên Hóa','Tuyen Hoa District','tuyen_hoa','44',7),('454','Quảng Trạch','Quang Trach','Huyện Quảng Trạch','Quang Trach District','quang_trach','44',7),('455','Bố Trạch','Bo Trach','Huyện Bố Trạch','Bo Trach District','bo_trach','44',7),('456','Quảng Ninh','Quang Ninh','Huyện Quảng Ninh','Quang Ninh District','quang_ninh','44',7),('457','Lệ Thủy','Le Thuy','Huyện Lệ Thủy','Le Thuy District','le_thuy','44',7),('458','Ba Đồn','Ba Don','Thị xã Ba Đồn','Ba Don Town','ba_don','44',6),('461','Đông Hà','Dong Ha','Thành phố Đông Hà','Dong Ha City','dong_ha','45',4),('462','Quảng Trị','Quang Tri','Thị xã Quảng Trị','Quang Tri Town','quang_tri','45',6),('464','Vĩnh Linh','Vinh Linh','Huyện Vĩnh Linh','Vinh Linh District','vinh_linh','45',7),('465','Hướng Hóa','Huong Hoa','Huyện Hướng Hóa','Huong Hoa District','huong_hoa','45',7),('466','Gio Linh','Gio Linh','Huyện Gio Linh','Gio Linh District','gio_linh','45',7),('467','Đa Krông','Da Krong','Huyện Đa Krông','Da Krong District','da_krong','45',7),('468','Cam Lộ','Cam Lo','Huyện Cam Lộ','Cam Lo District','cam_lo','45',7),('469','Triệu Phong','Trieu Phong','Huyện Triệu Phong','Trieu Phong District','trieu_phong','45',7),('470','Hải Lăng','Hai Lang','Huyện Hải Lăng','Hai Lang District','hai_lang','45',7),('471','Cồn Cỏ','Con Co','Huyện Cồn Cỏ','Con Co District','con_co','45',7),('474','Huế','Hue','Thành phố Huế','Hue City','hue','46',4),('476','Phong Điền','Phong Dien','Huyện Phong Điền','Phong Dien District','phong_dien','46',7),('477','Quảng Điền','Quang Dien','Huyện Quảng Điền','Quang Dien District','quang_dien','46',7),('478','Phú Vang','Phu Vang','Huyện Phú Vang','Phu Vang District','phu_vang','46',7),('479','Hương Thủy','Huong Thuy','Thị xã Hương Thủy','Huong Thuy Town','huong_thuy','46',6),('480','Hương Trà','Huong Tra','Thị xã Hương Trà','Huong Tra Town','huong_tra','46',6),('481','A Lưới','A Luoi','Huyện A Lưới','A Luoi District','a_luoi','46',7),('482','Phú Lộc','Phu Loc','Huyện Phú Lộc','Phu Loc District','phu_loc','46',7),('483','Nam Đông','Nam Dong','Huyện Nam Đông','Nam Dong District','nam_dong','46',7),('490','Liên Chiểu','Lien Chieu','Quận Liên Chiểu','Lien Chieu District','lien_chieu','48',5),('491','Thanh Khê','Thanh Khe','Quận Thanh Khê','Thanh Khe District','thanh_khe','48',5),('492','Hải Châu','Hai Chau','Quận Hải Châu','Hai Chau District','hai_chau','48',5),('493','Sơn Trà','Son Tra','Quận Sơn Trà','Son Tra District','son_tra','48',5),('494','Ngũ Hành Sơn','Ngu Hanh Son','Quận Ngũ Hành Sơn','Ngu Hanh Son District','ngu_hanh_son','48',5),('495','Cẩm Lệ','Cam Le','Quận Cẩm Lệ','Cam Le District','cam_le','48',5),('497','Hòa Vang','Hoa Vang','Huyện Hòa Vang','Hoa Vang District','hoa_vang','48',7),('498','Hoàng Sa','Hoang Sa','Huyện Hoàng Sa','Hoang Sa District','hoang_sa','48',7),('502','Tam Kỳ','Tam Ky','Thành phố Tam Kỳ','Tam Ky City','tam_ky','49',4),('503','Hội An','Hoi An','Thành phố Hội An','Hoi An City','hoi_an','49',4),('504','Tây Giang','Tay Giang','Huyện Tây Giang','Tay Giang District','tay_giang','49',7),('505','Đông Giang','Dong Giang','Huyện Đông Giang','Dong Giang District','dong_giang','49',7),('506','Đại Lộc','Dai Loc','Huyện Đại Lộc','Dai Loc District','dai_loc','49',7),('507','Điện Bàn','Dien Ban','Thị xã Điện Bàn','Dien Ban Town','dien_ban','49',6),('508','Duy Xuyên','Duy Xuyen','Huyện Duy Xuyên','Duy Xuyen District','duy_xuyen','49',7),('509','Quế Sơn','Que Son','Huyện Quế Sơn','Que Son District','que_son','49',7),('510','Nam Giang','Nam Giang','Huyện Nam Giang','Nam Giang District','nam_giang','49',7),('511','Phước Sơn','Phuoc Son','Huyện Phước Sơn','Phuoc Son District','phuoc_son','49',7),('512','Hiệp Đức','Hiep Duc','Huyện Hiệp Đức','Hiep Duc District','hiep_duc','49',7),('513','Thăng Bình','Thang Binh','Huyện Thăng Bình','Thang Binh District','thang_binh','49',7),('514','Tiên Phước','Tien Phuoc','Huyện Tiên Phước','Tien Phuoc District','tien_phuoc','49',7),('515','Bắc Trà My','Bac Tra My','Huyện Bắc Trà My','Bac Tra My District','bac_tra_my','49',7),('516','Nam Trà My','Nam Tra My','Huyện Nam Trà My','Nam Tra My District','nam_tra_my','49',7),('517','Núi Thành','Nui Thanh','Huyện Núi Thành','Nui Thanh District','nui_thanh','49',7),('518','Phú Ninh','Phu Ninh','Huyện Phú Ninh','Phu Ninh District','phu_ninh','49',7),('519','Nông Sơn','Nong Son','Huyện Nông Sơn','Nong Son District','nong_son','49',7),('522','Quảng Ngãi','Quang Ngai','Thành phố Quảng Ngãi','Quang Ngai City','quang_ngai','51',4),('524','Bình Sơn','Binh Son','Huyện Bình Sơn','Binh Son District','binh_son','51',7),('525','Trà Bồng','Tra Bong','Huyện Trà Bồng','Tra Bong District','tra_bong','51',7),('527','Sơn Tịnh','Son Tinh','Huyện Sơn Tịnh','Son Tinh District','son_tinh','51',7),('528','Tư Nghĩa','Tu Nghia','Huyện Tư Nghĩa','Tu Nghia District','tu_nghia','51',7),('529','Sơn Hà','Son Ha','Huyện Sơn Hà','Son Ha District','son_ha','51',7),('530','Sơn Tây','Son Tay','Huyện Sơn Tây','Son Tay District','son_tay','51',7),('531','Minh Long','Minh Long','Huyện Minh Long','Minh Long District','minh_long','51',7),('532','Nghĩa Hành','Nghia Hanh','Huyện Nghĩa Hành','Nghia Hanh District','nghia_hanh','51',7),('533','Mộ Đức','Mo Duc','Huyện Mộ Đức','Mo Duc District','mo_duc','51',7),('534','Đức Phổ','Duc Pho','Thị xã Đức Phổ','Duc Pho Town','duc_pho','51',6),('535','Ba Tơ','Ba To','Huyện Ba Tơ','Ba To District','ba_to','51',7),('536','Lý Sơn','Ly Son','Huyện Lý Sơn','Ly Son District','ly_son','51',7),('540','Quy Nhơn','Quy Nhon','Thành phố Quy Nhơn','Quy Nhon City','quy_nhon','52',4),('542','An Lão','An Lao','Huyện An Lão','An Lao District','an_lao','52',7),('543','Hoài Nhơn','Hoai Nhon','Thị xã Hoài Nhơn','Hoai Nhon Town','hoai_nhon','52',6),('544','Hoài Ân','Hoai An','Huyện Hoài Ân','Hoai An District','hoai_an','52',7),('545','Phù Mỹ','Phu My','Huyện Phù Mỹ','Phu My District','phu_my','52',7),('546','Vĩnh Thạnh','Vinh Thanh','Huyện Vĩnh Thạnh','Vinh Thanh District','vinh_thanh','52',7),('547','Tây Sơn','Tay Son','Huyện Tây Sơn','Tay Son District','tay_son','52',7),('548','Phù Cát','Phu Cat','Huyện Phù Cát','Phu Cat District','phu_cat','52',7),('549','An Nhơn','An Nhon','Thị xã An Nhơn','An Nhon Town','an_nhon','52',6),('550','Tuy Phước','Tuy Phuoc','Huyện Tuy Phước','Tuy Phuoc District','tuy_phuoc','52',7),('551','Vân Canh','Van Canh','Huyện Vân Canh','Van Canh District','van_canh','52',7),('555','Tuy Hoà','Tuy Hoa','Thành phố Tuy Hoà','Tuy Hoa City','tuy_hoa','54',4),('557','Sông Cầu','Song Cau','Thị xã Sông Cầu','Song Cau Town','song_cau','54',6),('558','Đồng Xuân','Dong Xuan','Huyện Đồng Xuân','Dong Xuan District','dong_xuan','54',7),('559','Tuy An','Tuy An','Huyện Tuy An','Tuy An District','tuy_an','54',7),('560','Sơn Hòa','Son Hoa','Huyện Sơn Hòa','Son Hoa District','son_hoa','54',7),('561','Sông Hinh','Song Hinh','Huyện Sông Hinh','Song Hinh District','song_hinh','54',7),('562','Tây Hoà','Tay Hoa','Huyện Tây Hoà','Tay Hoa District','tay_hoa','54',7),('563','Phú Hoà','Phu Hoa','Huyện Phú Hoà','Phu Hoa District','phu_hoa','54',7),('564','Đông Hòa','Dong Hoa','Thị xã Đông Hòa','Dong Hoa Town','dong_hoa','54',6),('568','Nha Trang','Nha Trang','Thành phố Nha Trang','Nha Trang City','nha_trang','56',4),('569','Cam Ranh','Cam Ranh','Thành phố Cam Ranh','Cam Ranh City','cam_ranh','56',4),('570','Cam Lâm','Cam Lam','Huyện Cam Lâm','Cam Lam District','cam_lam','56',7),('571','Vạn Ninh','Van Ninh','Huyện Vạn Ninh','Van Ninh District','van_ninh','56',7),('572','Ninh Hòa','Ninh Hoa','Thị xã Ninh Hòa','Ninh Hoa Town','ninh_hoa','56',6),('573','Khánh Vĩnh','Khanh Vinh','Huyện Khánh Vĩnh','Khanh Vinh District','khanh_vinh','56',7),('574','Diên Khánh','Dien Khanh','Huyện Diên Khánh','Dien Khanh District','dien_khanh','56',7),('575','Khánh Sơn','Khanh Son','Huyện Khánh Sơn','Khanh Son District','khanh_son','56',7),('576','Trường Sa','Truong Sa','Huyện Trường Sa','Truong Sa District','truong_sa','56',7),('582','Phan Rang-Tháp Chàm','Phan Rang-Thap Cham','Thành phố Phan Rang-Tháp Chàm','Phan Rang-Thap Cham City','phan_rang-thap_cham','58',4),('584','Bác Ái','Bac Ai','Huyện Bác Ái','Bac Ai District','bac_ai','58',7),('585','Ninh Sơn','Ninh Son','Huyện Ninh Sơn','Ninh Son District','ninh_son','58',7),('586','Ninh Hải','Ninh Hai','Huyện Ninh Hải','Ninh Hai District','ninh_hai','58',7),('587','Ninh Phước','Ninh Phuoc','Huyện Ninh Phước','Ninh Phuoc District','ninh_phuoc','58',7),('588','Thuận Bắc','Thuan Bac','Huyện Thuận Bắc','Thuan Bac District','thuan_bac','58',7),('589','Thuận Nam','Thuan Nam','Huyện Thuận Nam','Thuan Nam District','thuan_nam','58',7),('593','Phan Thiết','Phan Thiet','Thành phố Phan Thiết','Phan Thiet City','phan_thiet','60',4),('594','La Gi','La Gi','Thị xã La Gi','La Gi Town','la_gi','60',6),('595','Tuy Phong','Tuy Phong','Huyện Tuy Phong','Tuy Phong District','tuy_phong','60',7),('596','Bắc Bình','Bac Binh','Huyện Bắc Bình','Bac Binh District','bac_binh','60',7),('597','Hàm Thuận Bắc','Ham Thuan Bac','Huyện Hàm Thuận Bắc','Ham Thuan Bac District','ham_thuan_bac','60',7),('598','Hàm Thuận Nam','Ham Thuan Nam','Huyện Hàm Thuận Nam','Ham Thuan Nam District','ham_thuan_nam','60',7),('599','Tánh Linh','Tanh Linh','Huyện Tánh Linh','Tanh Linh District','tanh_linh','60',7),('600','Đức Linh','Duc Linh','Huyện Đức Linh','Duc Linh District','duc_linh','60',7),('601','Hàm Tân','Ham Tan','Huyện Hàm Tân','Ham Tan District','ham_tan','60',7),('602','Phú Quí','Phu Qui','Huyện Phú Quí','Phu Qui District','phu_qui','60',7),('608','Kon Tum','Kon Tum','Thành phố Kon Tum','Kon Tum City','kon_tum','62',4),('610','Đắk Glei','Dak Glei','Huyện Đắk Glei','Dak Glei District','dak_glei','62',7),('611','Ngọc Hồi','Ngoc Hoi','Huyện Ngọc Hồi','Ngoc Hoi District','ngoc_hoi','62',7),('612','Đắk Tô','Dak To','Huyện Đắk Tô','Dak To District','dak_to','62',7),('613','Kon Plông','Kon Plong','Huyện Kon Plông','Kon Plong District','kon_plong','62',7),('614','Kon Rẫy','Kon Ray','Huyện Kon Rẫy','Kon Ray District','kon_ray','62',7),('615','Đắk Hà','Dak Ha','Huyện Đắk Hà','Dak Ha District','dak_ha','62',7),('616','Sa Thầy','Sa Thay','Huyện Sa Thầy','Sa Thay District','sa_thay','62',7),('617','Tu Mơ Rông','Tu Mo Rong','Huyện Tu Mơ Rông','Tu Mo Rong District','tu_mo_rong','62',7),('618','Ia H\' Drai','Ia H\' Drai','Huyện Ia H\' Drai','Ia H\' Drai District','ia_h_drai','62',7),('622','Pleiku','Pleiku','Thành phố Pleiku','Pleiku City','pleiku','64',4),('623','An Khê','An Khe','Thị xã An Khê','An Khe Town','an_khe','64',6),('624','Ayun Pa','Ayun Pa','Thị xã Ayun Pa','Ayun Pa Town','ayun_pa','64',6),('625','KBang','KBang','Huyện KBang','KBang District','kbang','64',7),('626','Đăk Đoa','Dak Doa','Huyện Đăk Đoa','Dak Doa District','dak_doa','64',7),('627','Chư Păh','Chu Pah','Huyện Chư Păh','Chu Pah District','chu_pah','64',7),('628','Ia Grai','Ia Grai','Huyện Ia Grai','Ia Grai District','ia_grai','64',7),('629','Mang Yang','Mang Yang','Huyện Mang Yang','Mang Yang District','mang_yang','64',7),('630','Kông Chro','Kong Chro','Huyện Kông Chro','Kong Chro District','kong_chro','64',7),('631','Đức Cơ','Duc Co','Huyện Đức Cơ','Duc Co District','duc_co','64',7),('632','Chư Prông','Chu Prong','Huyện Chư Prông','Chu Prong District','chu_prong','64',7),('633','Chư Sê','Chu Se','Huyện Chư Sê','Chu Se District','chu_se','64',7),('634','Đăk Pơ','Dak Po','Huyện Đăk Pơ','Dak Po District','dak_po','64',7),('635','Ia Pa','Ia Pa','Huyện Ia Pa','Ia Pa District','ia_pa','64',7),('637','Krông Pa','Krong Pa','Huyện Krông Pa','Krong Pa District','krong_pa','64',7),('638','Phú Thiện','Phu Thien','Huyện Phú Thiện','Phu Thien District','phu_thien','64',7),('639','Chư Pưh','Chu Puh','Huyện Chư Pưh','Chu Puh District','chu_puh','64',7),('643','Buôn Ma Thuột','Buon Ma Thuot','Thành phố Buôn Ma Thuột','Buon Ma Thuot City','buon_ma_thuot','66',4),('644','Buôn Hồ','Buon Ho','Thị xã Buôn Hồ','Buon Ho Town','buon_ho','66',6),('645','Ea H\'leo','Ea H\'leo','Huyện Ea H\'leo','Ea H\'leo District','ea_hleo','66',7),('646','Ea Súp','Ea Sup','Huyện Ea Súp','Ea Sup District','ea_sup','66',7),('647','Buôn Đôn','Buon Don','Huyện Buôn Đôn','Buon Don District','buon_don','66',7),('648','Cư M\'gar','Cu M\'gar','Huyện Cư M\'gar','Cu M\'gar District','cu_mgar','66',7),('649','Krông Búk','Krong Buk','Huyện Krông Búk','Krong Buk District','krong_buk','66',7),('650','Krông Năng','Krong Nang','Huyện Krông Năng','Krong Nang District','krong_nang','66',7),('651','Ea Kar','Ea Kar','Huyện Ea Kar','Ea Kar District','ea_kar','66',7),('652','M\'Đrắk','M\'Drak','Huyện M\'Đrắk','M\'Drak District','mdrak','66',7),('653','Krông Bông','Krong Bong','Huyện Krông Bông','Krong Bong District','krong_bong','66',7),('654','Krông Pắc','Krong Pac','Huyện Krông Pắc','Krong Pac District','krong_pac','66',7),('655','Krông A Na','Krong A Na','Huyện Krông A Na','Krong A Na District','krong_a_na','66',7),('656','Lắk','Lak','Huyện Lắk','Lak District','lak','66',7),('657','Cư Kuin','Cu Kuin','Huyện Cư Kuin','Cu Kuin District','cu_kuin','66',7),('660','Gia Nghĩa','Gia Nghia','Thành phố Gia Nghĩa','Gia Nghia City','gia_nghia','67',4),('661','Đăk Glong','Dak Glong','Huyện Đăk Glong','Dak Glong District','dak_glong','67',7),('662','Cư Jút','Cu Jut','Huyện Cư Jút','Cu Jut District','cu_jut','67',7),('663','Đắk Mil','Dak Mil','Huyện Đắk Mil','Dak Mil District','dak_mil','67',7),('664','Krông Nô','Krong No','Huyện Krông Nô','Krong No District','krong_no','67',7),('665','Đắk Song','Dak Song','Huyện Đắk Song','Dak Song District','dak_song','67',7),('666','Đắk R\'Lấp','Dak R\'Lap','Huyện Đắk R\'Lấp','Dak R\'Lap District','dak_rlap','67',7),('667','Tuy Đức','Tuy Duc','Huyện Tuy Đức','Tuy Duc District','tuy_duc','67',7),('672','Đà Lạt','Da Lat','Thành phố Đà Lạt','Da Lat City','da_lat','68',4),('673','Bảo Lộc','Bao Loc','Thành phố Bảo Lộc','Bao Loc City','bao_loc','68',4),('674','Đam Rông','Dam Rong','Huyện Đam Rông','Dam Rong District','dam_rong','68',7),('675','Lạc Dương','Lac Duong','Huyện Lạc Dương','Lac Duong District','lac_duong','68',7),('676','Lâm Hà','Lam Ha','Huyện Lâm Hà','Lam Ha District','lam_ha','68',7),('677','Đơn Dương','Don Duong','Huyện Đơn Dương','Don Duong District','don_duong','68',7),('678','Đức Trọng','Duc Trong','Huyện Đức Trọng','Duc Trong District','duc_trong','68',7),('679','Di Linh','Di Linh','Huyện Di Linh','Di Linh District','di_linh','68',7),('680','Bảo Lâm','Bao Lam','Huyện Bảo Lâm','Bao Lam District','bao_lam','68',7),('681','Đạ Huoai','Da Huoai','Huyện Đạ Huoai','Da Huoai District','da_huoai','68',7),('682','Đạ Tẻh','Da Teh','Huyện Đạ Tẻh','Da Teh District','da_teh','68',7),('683','Cát Tiên','Cat Tien','Huyện Cát Tiên','Cat Tien District','cat_tien','68',7),('688','Phước Long','Phuoc Long','Thị xã Phước Long','Phuoc Long Town','phuoc_long','70',6),('689','Đồng Xoài','Dong Xoai','Thành phố Đồng Xoài','Dong Xoai City','dong_xoai','70',4),('690','Bình Long','Binh Long','Thị xã Bình Long','Binh Long Town','binh_long','70',6),('691','Bù Gia Mập','Bu Gia Map','Huyện Bù Gia Mập','Bu Gia Map District','bu_gia_map','70',7),('692','Lộc Ninh','Loc Ninh','Huyện Lộc Ninh','Loc Ninh District','loc_ninh','70',7),('693','Bù Đốp','Bu Dop','Huyện Bù Đốp','Bu Dop District','bu_dop','70',7),('694','Hớn Quản','Hon Quan','Huyện Hớn Quản','Hon Quan District','hon_quan','70',7),('695','Đồng Phú','Dong Phu','Huyện Đồng Phú','Dong Phu District','dong_phu','70',7),('696','Bù Đăng','Bu Dang','Huyện Bù Đăng','Bu Dang District','bu_dang','70',7),('697','Chơn Thành','Chon Thanh','Thị xã Chơn Thành','Chon Thanh Town','chon_thanh','70',6),('698','Phú Riềng','Phu Rieng','Huyện Phú Riềng','Phu Rieng District','phu_rieng','70',7),('703','Tây Ninh','Tay Ninh','Thành phố Tây Ninh','Tay Ninh City','tay_ninh','72',4),('705','Tân Biên','Tan Bien','Huyện Tân Biên','Tan Bien District','tan_bien','72',7),('706','Tân Châu','Tan Chau','Huyện Tân Châu','Tan Chau District','tan_chau','72',7),('707','Dương Minh Châu','Duong Minh Chau','Huyện Dương Minh Châu','Duong Minh Chau District','duong_minh_chau','72',7),('708','Châu Thành','Chau Thanh','Huyện Châu Thành','Chau Thanh District','chau_thanh','72',7),('709','Hòa Thành','Hoa Thanh','Thị xã Hòa Thành','Hoa Thanh Town','hoa_thanh','72',6),('710','Gò Dầu','Go Dau','Huyện Gò Dầu','Go Dau District','go_dau','72',7),('711','Bến Cầu','Ben Cau','Huyện Bến Cầu','Ben Cau District','ben_cau','72',7),('712','Trảng Bàng','Trang Bang','Thị xã Trảng Bàng','Trang Bang Town','trang_bang','72',6),('718','Thủ Dầu Một','Thu Dau Mot','Thành phố Thủ Dầu Một','Thu Dau Mot City','thu_dau_mot','74',4),('719','Bàu Bàng','Bau Bang','Huyện Bàu Bàng','Bau Bang District','bau_bang','74',7),('720','Dầu Tiếng','Dau Tieng','Huyện Dầu Tiếng','Dau Tieng District','dau_tieng','74',7),('721','Bến Cát','Ben Cat','Thành phố Bến Cát','Ben Cat City','ben_cat','74',4),('722','Phú Giáo','Phu Giao','Huyện Phú Giáo','Phu Giao District','phu_giao','74',7),('723','Tân Uyên','Tan Uyen','Thành phố Tân Uyên','Tan Uyen City','tan_uyen','74',4),('724','Dĩ An','Di An','Thành phố Dĩ An','Di An City','di_an','74',4),('725','Thuận An','Thuan An','Thành phố Thuận An','Thuan An City','thuan_an','74',4),('726','Bắc Tân Uyên','Bac Tan Uyen','Huyện Bắc Tân Uyên','Bac Tan Uyen District','bac_tan_uyen','74',7),('731','Biên Hòa','Bien Hoa','Thành phố Biên Hòa','Bien Hoa City','bien_hoa','75',4),('732','Long Khánh','Long Khanh','Thành phố Long Khánh','Long Khanh City','long_khanh','75',4),('734','Tân Phú','Tan Phu','Huyện Tân Phú','Tan Phu District','tan_phu','75',7),('735','Vĩnh Cửu','Vinh Cuu','Huyện Vĩnh Cửu','Vinh Cuu District','vinh_cuu','75',7),('736','Định Quán','Dinh Quan','Huyện Định Quán','Dinh Quan District','dinh_quan','75',7),('737','Trảng Bom','Trang Bom','Huyện Trảng Bom','Trang Bom District','trang_bom','75',7),('738','Thống Nhất','Thong Nhat','Huyện Thống Nhất','Thong Nhat District','thong_nhat','75',7),('739','Cẩm Mỹ','Cam My','Huyện Cẩm Mỹ','Cam My District','cam_my','75',7),('740','Long Thành','Long Thanh','Huyện Long Thành','Long Thanh District','long_thanh','75',7),('741','Xuân Lộc','Xuan Loc','Huyện Xuân Lộc','Xuan Loc District','xuan_loc','75',7),('742','Nhơn Trạch','Nhon Trach','Huyện Nhơn Trạch','Nhon Trach District','nhon_trach','75',7),('747','Vũng Tàu','Vung Tau','Thành phố Vũng Tàu','Vung Tau City','vung_tau','77',4),('748','Bà Rịa','Ba Ria','Thành phố Bà Rịa','Ba Ria City','ba_ria','77',4),('750','Châu Đức','Chau Duc','Huyện Châu Đức','Chau Duc District','chau_duc','77',7),('751','Xuyên Mộc','Xuyen Moc','Huyện Xuyên Mộc','Xuyen Moc District','xuyen_moc','77',7),('752','Long Điền','Long Dien','Huyện Long Điền','Long Dien District','long_dien','77',7),('753','Đất Đỏ','Dat Do','Huyện Đất Đỏ','Dat Do District','dat_do','77',7),('754','Phú Mỹ','Phu My','Thị xã Phú Mỹ','Phu My Town','phu_my','77',6),('755','Côn Đảo','Con Dao','Huyện Côn Đảo','Con Dao District','con_dao','77',7),('760','1','1','Quận 1','District 1','1','79',5),('761','12','12','Quận 12','District 12','12','79',5),('764','Gò Vấp','Go Vap','Quận Gò Vấp','Go Vap District','go_vap','79',5),('765','Bình Thạnh','Binh Thanh','Quận Bình Thạnh','Binh Thanh District','binh_thanh','79',5),('766','Tân Bình','Tan Binh','Quận Tân Bình','Tan Binh District','tan_binh','79',5),('767','Tân Phú','Tan Phu','Quận Tân Phú','Tan Phu District','tan_phu','79',5),('768','Phú Nhuận','Phu Nhuan','Quận Phú Nhuận','Phu Nhuan District','phu_nhuan','79',5),('769','Thủ Đức','Thu Duc','Thành phố Thủ Đức','Thu Duc City','thu_duc','79',3),('770','3','3','Quận 3','District 3','3','79',5),('771','10','10','Quận 10','District 10','10','79',5),('772','11','11','Quận 11','District 11','11','79',5),('773','4','4','Quận 4','District 4','4','79',5),('774','5','5','Quận 5','District 5','5','79',5),('775','6','6','Quận 6','District 6','6','79',5),('776','8','8','Quận 8','District 8','8','79',5),('777','Bình Tân','Binh Tan','Quận Bình Tân','Binh Tan District','binh_tan','79',5),('778','7','7','Quận 7','District 7','7','79',5),('783','Củ Chi','Cu Chi','Huyện Củ Chi','Cu Chi District','cu_chi','79',7),('784','Hóc Môn','Hoc Mon','Huyện Hóc Môn','Hoc Mon District','hoc_mon','79',7),('785','Bình Chánh','Binh Chanh','Huyện Bình Chánh','Binh Chanh District','binh_chanh','79',7),('786','Nhà Bè','Nha Be','Huyện Nhà Bè','Nha Be District','nha_be','79',7),('787','Cần Giờ','Can Gio','Huyện Cần Giờ','Can Gio District','can_gio','79',7),('794','Tân An','Tan An','Thành phố Tân An','Tan An City','tan_an','80',4),('795','Kiến Tường','Kien Tuong','Thị xã Kiến Tường','Kien Tuong Town','kien_tuong','80',6),('796','Tân Hưng','Tan Hung','Huyện Tân Hưng','Tan Hung District','tan_hung','80',7),('797','Vĩnh Hưng','Vinh Hung','Huyện Vĩnh Hưng','Vinh Hung District','vinh_hung','80',7),('798','Mộc Hóa','Moc Hoa','Huyện Mộc Hóa','Moc Hoa District','moc_hoa','80',7),('799','Tân Thạnh','Tan Thanh','Huyện Tân Thạnh','Tan Thanh District','tan_thanh','80',7),('800','Thạnh Hóa','Thanh Hoa','Huyện Thạnh Hóa','Thanh Hoa District','thanh_hoa','80',7),('801','Đức Huệ','Duc Hue','Huyện Đức Huệ','Duc Hue District','duc_hue','80',7),('802','Đức Hòa','Duc Hoa','Huyện Đức Hòa','Duc Hoa District','duc_hoa','80',7),('803','Bến Lức','Ben Luc','Huyện Bến Lức','Ben Luc District','ben_luc','80',7),('804','Thủ Thừa','Thu Thua','Huyện Thủ Thừa','Thu Thua District','thu_thua','80',7),('805','Tân Trụ','Tan Tru','Huyện Tân Trụ','Tan Tru District','tan_tru','80',7),('806','Cần Đước','Can Duoc','Huyện Cần Đước','Can Duoc District','can_duoc','80',7),('807','Cần Giuộc','Can Giuoc','Huyện Cần Giuộc','Can Giuoc District','can_giuoc','80',7),('808','Châu Thành','Chau Thanh','Huyện Châu Thành','Chau Thanh District','chau_thanh','80',7),('815','Mỹ Tho','My Tho','Thành phố Mỹ Tho','My Tho City','my_tho','82',4),('816','Gò Công','Go Cong','Thành phố Gò Công','Go Cong City','go_cong','82',4),('817','Cai Lậy','Cai Lay','Thị xã Cai Lậy','Cai Lay Town','cai_lay','82',6),('818','Tân Phước','Tan Phuoc','Huyện Tân Phước','Tan Phuoc District','tan_phuoc','82',7),('819','Cái Bè','Cai Be','Huyện Cái Bè','Cai Be District','cai_be','82',7),('820','Cai Lậy','Cai Lay','Huyện Cai Lậy','Cai Lay District','cai_lay','82',7),('821','Châu Thành','Chau Thanh','Huyện Châu Thành','Chau Thanh District','chau_thanh','82',7),('822','Chợ Gạo','Cho Gao','Huyện Chợ Gạo','Cho Gao District','cho_gao','82',7),('823','Gò Công Tây','Go Cong Tay','Huyện Gò Công Tây','Go Cong Tay District','go_cong_tay','82',7),('824','Gò Công Đông','Go Cong Dong','Huyện Gò Công Đông','Go Cong Dong District','go_cong_dong','82',7),('825','Tân Phú Đông','Tan Phu Dong','Huyện Tân Phú Đông','Tan Phu Dong District','tan_phu_dong','82',7),('829','Bến Tre','Ben Tre','Thành phố Bến Tre','Ben Tre City','ben_tre','83',4),('831','Châu Thành','Chau Thanh','Huyện Châu Thành','Chau Thanh District','chau_thanh','83',7),('832','Chợ Lách','Cho Lach','Huyện Chợ Lách','Cho Lach District','cho_lach','83',7),('833','Mỏ Cày Nam','Mo Cay Nam','Huyện Mỏ Cày Nam','Mo Cay Nam District','mo_cay_nam','83',7),('834','Giồng Trôm','Giong Trom','Huyện Giồng Trôm','Giong Trom District','giong_trom','83',7),('835','Bình Đại','Binh Dai','Huyện Bình Đại','Binh Dai District','binh_dai','83',7),('836','Ba Tri','Ba Tri','Huyện Ba Tri','Ba Tri District','ba_tri','83',7),('837','Thạnh Phú','Thanh Phu','Huyện Thạnh Phú','Thanh Phu District','thanh_phu','83',7),('838','Mỏ Cày Bắc','Mo Cay Bac','Huyện Mỏ Cày Bắc','Mo Cay Bac District','mo_cay_bac','83',7),('842','Trà Vinh','Tra Vinh','Thành phố Trà Vinh','Tra Vinh City','tra_vinh','84',4),('844','Càng Long','Cang Long','Huyện Càng Long','Cang Long District','cang_long','84',7),('845','Cầu Kè','Cau Ke','Huyện Cầu Kè','Cau Ke District','cau_ke','84',7),('846','Tiểu Cần','Tieu Can','Huyện Tiểu Cần','Tieu Can District','tieu_can','84',7),('847','Châu Thành','Chau Thanh','Huyện Châu Thành','Chau Thanh District','chau_thanh','84',7),('848','Cầu Ngang','Cau Ngang','Huyện Cầu Ngang','Cau Ngang District','cau_ngang','84',7),('849','Trà Cú','Tra Cu','Huyện Trà Cú','Tra Cu District','tra_cu','84',7),('850','Duyên Hải','Duyen Hai','Huyện Duyên Hải','Duyen Hai District','duyen_hai','84',7),('851','Duyên Hải','Duyen Hai','Thị xã Duyên Hải','Duyen Hai Town','duyen_hai','84',6),('855','Vĩnh Long','Vinh Long','Thành phố Vĩnh Long','Vinh Long City','vinh_long','86',4),('857','Long Hồ','Long Ho','Huyện Long Hồ','Long Ho District','long_ho','86',7),('858','Mang Thít','Mang Thit','Huyện Mang Thít','Mang Thit District','mang_thit','86',7),('859','Vũng Liêm','Vung Liem','Huyện Vũng Liêm','Vung Liem District','vung_liem','86',7),('860','Tam Bình','Tam Binh','Huyện Tam Bình','Tam Binh District','tam_binh','86',7),('861','Bình Minh','Binh Minh','Thị xã Bình Minh','Binh Minh Town','binh_minh','86',6),('862','Trà Ôn','Tra On','Huyện Trà Ôn','Tra On District','tra_on','86',7),('863','Bình Tân','Binh Tan','Huyện Bình Tân','Binh Tan District','binh_tan','86',7),('866','Cao Lãnh','Cao Lanh','Thành phố Cao Lãnh','Cao Lanh City','cao_lanh','87',4),('867','Sa Đéc','Sa Dec','Thành phố Sa Đéc','Sa Dec City','sa_dec','87',4),('868','Hồng Ngự','Hong Ngu','Thành phố Hồng Ngự','Hong Ngu City','hong_ngu','87',4),('869','Tân Hồng','Tan Hong','Huyện Tân Hồng','Tan Hong District','tan_hong','87',7),('870','Hồng Ngự','Hong Ngu','Huyện Hồng Ngự','Hong Ngu District','hong_ngu','87',7),('871','Tam Nông','Tam Nong','Huyện Tam Nông','Tam Nong District','tam_nong','87',7),('872','Tháp Mười','Thap Muoi','Huyện Tháp Mười','Thap Muoi District','thap_muoi','87',7),('873','Cao Lãnh','Cao Lanh','Huyện Cao Lãnh','Cao Lanh District','cao_lanh','87',7),('874','Thanh Bình','Thanh Binh','Huyện Thanh Bình','Thanh Binh District','thanh_binh','87',7),('875','Lấp Vò','Lap Vo','Huyện Lấp Vò','Lap Vo District','lap_vo','87',7),('876','Lai Vung','Lai Vung','Huyện Lai Vung','Lai Vung District','lai_vung','87',7),('877','Châu Thành','Chau Thanh','Huyện Châu Thành','Chau Thanh District','chau_thanh','87',7),('883','Long Xuyên','Long Xuyen','Thành phố Long Xuyên','Long Xuyen City','long_xuyen','89',4),('884','Châu Đốc','Chau Doc','Thành phố Châu Đốc','Chau Doc City','chau_doc','89',4),('886','An Phú','An Phu','Huyện An Phú','An Phu District','an_phu','89',7),('887','Tân Châu','Tan Chau','Thị xã Tân Châu','Tan Chau Town','tan_chau','89',6),('888','Phú Tân','Phu Tan','Huyện Phú Tân','Phu Tan District','phu_tan','89',7),('889','Châu Phú','Chau Phu','Huyện Châu Phú','Chau Phu District','chau_phu','89',7),('890','Tịnh Biên','Tinh Bien','Thị xã Tịnh Biên','Tinh Bien Town','tinh_bien','89',6),('891','Tri Tôn','Tri Ton','Huyện Tri Tôn','Tri Ton District','tri_ton','89',7),('892','Châu Thành','Chau Thanh','Huyện Châu Thành','Chau Thanh District','chau_thanh','89',7),('893','Chợ Mới','Cho Moi','Huyện Chợ Mới','Cho Moi District','cho_moi','89',7),('894','Thoại Sơn','Thoai Son','Huyện Thoại Sơn','Thoai Son District','thoai_son','89',7),('899','Rạch Giá','Rach Gia','Thành phố Rạch Giá','Rach Gia City','rach_gia','91',4),('900','Hà Tiên','Ha Tien','Thành phố Hà Tiên','Ha Tien City','ha_tien','91',4),('902','Kiên Lương','Kien Luong','Huyện Kiên Lương','Kien Luong District','kien_luong','91',7),('903','Hòn Đất','Hon Dat','Huyện Hòn Đất','Hon Dat District','hon_dat','91',7),('904','Tân Hiệp','Tan Hiep','Huyện Tân Hiệp','Tan Hiep District','tan_hiep','91',7),('905','Châu Thành','Chau Thanh','Huyện Châu Thành','Chau Thanh District','chau_thanh','91',7),('906','Giồng Riềng','Giong Rieng','Huyện Giồng Riềng','Giong Rieng District','giong_rieng','91',7),('907','Gò Quao','Go Quao','Huyện Gò Quao','Go Quao District','go_quao','91',7),('908','An Biên','An Bien','Huyện An Biên','An Bien District','an_bien','91',7),('909','An Minh','An Minh','Huyện An Minh','An Minh District','an_minh','91',7),('910','Vĩnh Thuận','Vinh Thuan','Huyện Vĩnh Thuận','Vinh Thuan District','vinh_thuan','91',7),('911','Phú Quốc','Phu Quoc','Thành phố Phú Quốc','Phu Quoc City','phu_quoc','91',4),('912','Kiên Hải','Kien Hai','Huyện Kiên Hải','Kien Hai District','kien_hai','91',7),('913','U Minh Thượng','U Minh Thuong','Huyện U Minh Thượng','U Minh Thuong District','u_minh_thuong','91',7),('914','Giang Thành','Giang Thanh','Huyện Giang Thành','Giang Thanh District','giang_thanh','91',7),('916','Ninh Kiều','Ninh Kieu','Quận Ninh Kiều','Ninh Kieu District','ninh_kieu','92',5),('917','Ô Môn','O Mon','Quận Ô Môn','O Mon District','o_mon','92',5),('918','Bình Thuỷ','Binh Thuy','Quận Bình Thuỷ','Binh Thuy District','binh_thuy','92',5),('919','Cái Răng','Cai Rang','Quận Cái Răng','Cai Rang District','cai_rang','92',5),('923','Thốt Nốt','Thot Not','Quận Thốt Nốt','Thot Not District','thot_not','92',5),('924','Vĩnh Thạnh','Vinh Thanh','Huyện Vĩnh Thạnh','Vinh Thanh District','vinh_thanh','92',7),('925','Cờ Đỏ','Co Do','Huyện Cờ Đỏ','Co Do District','co_do','92',7),('926','Phong Điền','Phong Dien','Huyện Phong Điền','Phong Dien District','phong_dien','92',7),('927','Thới Lai','Thoi Lai','Huyện Thới Lai','Thoi Lai District','thoi_lai','92',7),('930','Vị Thanh','Vi Thanh','Thành phố Vị Thanh','Vi Thanh City','vi_thanh','93',4),('931','Ngã Bảy','Nga Bay','Thành phố Ngã Bảy','Nga Bay City','nga_bay','93',4),('932','Châu Thành A','Chau Thanh A','Huyện Châu Thành A','Chau Thanh A District','chau_thanh_a','93',7),('933','Châu Thành','Chau Thanh','Huyện Châu Thành','Chau Thanh District','chau_thanh','93',7),('934','Phụng Hiệp','Phung Hiep','Huyện Phụng Hiệp','Phung Hiep District','phung_hiep','93',7),('935','Vị Thuỷ','Vi Thuy','Huyện Vị Thuỷ','Vi Thuy District','vi_thuy','93',7),('936','Long Mỹ','Long My','Huyện Long Mỹ','Long My District','long_my','93',7),('937','Long Mỹ','Long My','Thị xã Long Mỹ','Long My Town','long_my','93',6),('941','Sóc Trăng','Soc Trang','Thành phố Sóc Trăng','Soc Trang City','soc_trang','94',4),('942','Châu Thành','Chau Thanh','Huyện Châu Thành','Chau Thanh District','chau_thanh','94',7),('943','Kế Sách','Ke Sach','Huyện Kế Sách','Ke Sach District','ke_sach','94',7),('944','Mỹ Tú','My Tu','Huyện Mỹ Tú','My Tu District','my_tu','94',7),('945','Cù Lao Dung','Cu Lao Dung','Huyện Cù Lao Dung','Cu Lao Dung District','cu_lao_dung','94',7),('946','Long Phú','Long Phu','Huyện Long Phú','Long Phu District','long_phu','94',7),('947','Mỹ Xuyên','My Xuyen','Huyện Mỹ Xuyên','My Xuyen District','my_xuyen','94',7),('948','Ngã Năm','Nga Nam','Thị xã Ngã Năm','Nga Nam Town','nga_nam','94',6),('949','Thạnh Trị','Thanh Tri','Huyện Thạnh Trị','Thanh Tri District','thanh_tri','94',7),('950','Vĩnh Châu','Vinh Chau','Thị xã Vĩnh Châu','Vinh Chau Town','vinh_chau','94',6),('951','Trần Đề','Tran De','Huyện Trần Đề','Tran De District','tran_de','94',7),('954','Bạc Liêu','Bac Lieu','Thành phố Bạc Liêu','Bac Lieu City','bac_lieu','95',4),('956','Hồng Dân','Hong Dan','Huyện Hồng Dân','Hong Dan District','hong_dan','95',7),('957','Phước Long','Phuoc Long','Huyện Phước Long','Phuoc Long District','phuoc_long','95',7),('958','Vĩnh Lợi','Vinh Loi','Huyện Vĩnh Lợi','Vinh Loi District','vinh_loi','95',7),('959','Giá Rai','Gia Rai','Thị xã Giá Rai','Gia Rai Town','gia_rai','95',6),('960','Đông Hải','Dong Hai','Huyện Đông Hải','Dong Hai District','dong_hai','95',7),('961','Hoà Bình','Hoa Binh','Huyện Hoà Bình','Hoa Binh District','hoa_binh','95',7),('964','Cà Mau','Ca Mau','Thành phố Cà Mau','Ca Mau City','ca_mau','96',4),('966','U Minh','U Minh','Huyện U Minh','U Minh District','u_minh','96',7),('967','Thới Bình','Thoi Binh','Huyện Thới Bình','Thoi Binh District','thoi_binh','96',7),('968','Trần Văn Thời','Tran Van Thoi','Huyện Trần Văn Thời','Tran Van Thoi District','tran_van_thoi','96',7),('969','Cái Nước','Cai Nuoc','Huyện Cái Nước','Cai Nuoc District','cai_nuoc','96',7),('970','Đầm Dơi','Dam Doi','Huyện Đầm Dơi','Dam Doi District','dam_doi','96',7),('971','Năm Căn','Nam Can','Huyện Năm Căn','Nam Can District','nam_can','96',7),('972','Phú Tân','Phu Tan','Huyện Phú Tân','Phu Tan District','phu_tan','96',7),('973','Ngọc Hiển','Ngoc Hien','Huyện Ngọc Hiển','Ngoc Hien District','ngoc_hien','96',7);
/*!40000 ALTER TABLE `districts` ENABLE KEYS */;

--
-- Table structure for table `order_product`
--

DROP TABLE IF EXISTS `order_product`;
/*!40101 SET @saved_cs_client     = @@character_set_client */;
/*!50503 SET character_set_client = utf8mb4 */;
CREATE TABLE `order_product` (
  `id` bigint NOT NULL AUTO_INCREMENT,
  `order_id` bigint NOT NULL,
  `product_id` bigint NOT NULL,
  `price` double DEFAULT NULL,
  `quantity` int DEFAULT NULL,
  PRIMARY KEY (`id`),
  KEY `order_id` (`order_id`),
  KEY `product_id` (`product_id`),
  CONSTRAINT `order_product_ibfk_1` FOREIGN KEY (`order_id`) REFERENCES `orders` (`id`) ON DELETE CASCADE,
  CONSTRAINT `order_product_ibfk_2` FOREIGN KEY (`product_id`) REFERENCES `sku` (`id`)
) ENGINE=InnoDB AUTO_INCREMENT=27 DEFAULT CHARSET=utf8mb4 COLLATE=utf8mb4_0900_ai_ci;
/*!40101 SET character_set_client = @saved_cs_client */;

--
-- Dumping data for table `order_product`
--

/*!40000 ALTER TABLE `order_product` DISABLE KEYS */;
INSERT INTO `order_product` VALUES (1,24,31,13000,1),(2,24,2,10000,2),(3,25,1,12000,2),(4,25,7,11000,1),(5,26,3,15000,1),(6,27,2,10000,1),(7,28,3,15000,1),(8,29,1,12000,1),(9,30,7,11000,1),(10,31,4,9000,1),(11,32,2,10000,1),(12,33,4,9000,1),(13,34,3,15000,1),(14,35,3,15000,1),(15,36,3,15000,1),(16,37,1,12000,2),(17,38,2,10000,1),(18,39,6,7000,1),(19,40,6,7000,1),(20,41,5,8500,1),(21,42,4,9000,2),(22,43,4,9000,1),(23,44,1,12000,1),(24,45,3,15000,1),(25,46,4,9000,1),(26,47,1,12000,1);
/*!40000 ALTER TABLE `order_product` ENABLE KEYS */;

--
-- Table structure for table `orders`
--

DROP TABLE IF EXISTS `orders`;
/*!40101 SET @saved_cs_client     = @@character_set_client */;
/*!50503 SET character_set_client = utf8mb4 */;
CREATE TABLE `orders` (
  `id` bigint NOT NULL AUTO_INCREMENT,
  `account_id` int DEFAULT '0',
  `order_date` varchar(255) DEFAULT NULL,
  `total_price` double DEFAULT '0',
  `status` int DEFAULT '0',
  `payment_id` int DEFAULT '0',
  `shipping_fee` double DEFAULT NULL,
  `shipping_address` varchar(255) DEFAULT NULL,
  `discount` double DEFAULT '0',
  `phone` varchar(255) DEFAULT NULL,
  `name` varchar(255) DEFAULT NULL,
  `acccount_id` int DEFAULT NULL,
  `customer_name` varchar(255) DEFAULT NULL,
  PRIMARY KEY (`id`)
) ENGINE=InnoDB AUTO_INCREMENT=48 DEFAULT CHARSET=utf8mb4 COLLATE=utf8mb4_0900_ai_ci;
/*!40101 SET character_set_client = @saved_cs_client */;

--
-- Dumping data for table `orders`
--

/*!40000 ALTER TABLE `orders` DISABLE KEYS */;
INSERT INTO `orders` VALUES (24,0,'2024-11-13T01:46:28.541987100',33000,0,1,0,'27, 258, 09232, 34',0,'345345',NULL,NULL,'345 34'),(25,0,'2024-11-13T01:48:49.360231900',35000,0,1,0,'79, 777, 27454, DATOO',10,'3434234',NULL,NULL,'Nguyen Dat'),(26,0,'2024-11-15T22:32:37.652271900',15000,0,1,0,'79, 769, 26824, 166/16/5 Đặng Văn Bi',0,'0987667666',NULL,NULL,'Nguyễn  Đạt'),(27,0,'2024-11-15T22:48:25.837919600',10000,0,1,0,'79, 769, 26824, 166/16/5 Đặng Văn Bi',0,'0987667666',NULL,NULL,'Nguyễn  Đạt'),(28,0,'2024-11-15T23:25:36.893981600',15000,0,1,0,'79, 769, 26824, 166/16/5 Đặng Văn Bi',0,'0987667666',NULL,NULL,'Nguyễn  Đạt'),(29,0,'2024-11-15T23:29:32.816531200',12000,0,1,0,'79, 769, 26824, 166/16/5 Đặng Văn Bi',0,'0987667666',NULL,NULL,'Nguyễn  Đạt'),(30,0,'2024-11-15T23:31:33.350592500',11000,0,1,0,'79, 769, 26824, 166/16/5 Đặng Văn Bi',0,'0987667666',NULL,NULL,'Nguyễn  Đạt'),(31,0,'2024-11-15T23:34:17.443912900',9000,0,1,0,'79, 769, 26824, 166/16/5 Đặng Văn Bi',0,'0987667666',NULL,NULL,'Nguyễn  Đạt'),(32,0,'2024-11-15T23:36:54.009383200',10000,0,1,0,'79, 769, 26824, 166/16/5 Đặng Văn Bi',0,'0987667666',NULL,NULL,'Nguyễn  Đạt'),(33,0,'2024-11-15T23:38:18.026957400',9000,0,1,0,'79, 769, 26824, 166/16/5 Đặng Văn Bi',0,'0987667666',NULL,NULL,'Nguyễn  Đạt'),(34,0,'2024-11-15T23:40:23.410727600',15000,0,1,0,'79, 769, 26824, 166/16/5 Đặng Văn Bi',0,'0987667666',NULL,NULL,'Nguyễn  Đạt'),(35,0,'2024-11-15T23:43:01.909400900',15000,0,1,0,'79, 769, 26824, 166/16/5 Đặng Văn Bi',0,'0987667666',NULL,NULL,'Nguyễn  Đạt'),(36,0,'2024-11-15T23:44:26.672439700',15000,0,1,0,'79, 769, 26824, 166/16/5 Đặng Văn Bi',0,'0987667666',NULL,NULL,'Nguyễn  Đạt'),(37,0,'2024-11-15T23:59:23.186478',24000,0,1,0,'79, 769, 26824, 166/16/5 Đặng Văn Bi',0,'0987654321',NULL,NULL,'Nguyen Dat'),(38,0,'2024-11-16T00:16:18.537527700',10000,0,1,0,'79, 769, 26824, 166/16/5 Đặng Văn Bi',0,'0987654321',NULL,NULL,'Nguyen Dat'),(39,0,'2024-11-16T00:19:20.925169500',7000,0,1,0,'79, 769, 26824, 166/16/5 Đặng Văn Bi',0,'0987654321',NULL,NULL,'Nguyen Dat'),(40,0,'2024-11-16T00:23:03.427983900',7000,0,1,0,'79, 769, 26824, 166/16/5 Đặng Văn Bi',0,'0987654321',NULL,NULL,'Nguyen Dat'),(41,0,'2024-11-16T00:23:54.383549800',8500,0,1,0,'79, 769, 26824, 166/16/5 Đặng Văn Bi',0,'0987654321',NULL,NULL,'Nguyen Dat'),(42,0,'2024-11-16T00:25:26.894334100',18000,0,1,0,'79, 769, 26824, 166/16/5 Đặng Văn Bi',0,'0987654321',NULL,NULL,'Nguyen Dat'),(43,0,'2024-11-16T00:27:01.468340600',9000,0,1,0,'79, 769, 26824, 166/16/5 Đặng Văn Bi',0,'0987654321',NULL,NULL,'Nguyen Dat'),(44,0,'2024-11-16T00:44:39.216196500',12000,0,1,0,'79, 769, 26824, 166/16/5 Đặng Văn Bi',0,'0987654321',NULL,NULL,'Nguyen Dat'),(45,0,'2024-11-16T01:17:18.583532500',15000,0,1,0,'79, 769, 26824, 166/16/5 Đặng Văn Bi',0,'0987654321',NULL,NULL,'Nguyen Dat'),(46,0,'2024-11-16T01:19:06.494590100',9000,0,1,0,'04, 043, 01327, sdfsdf',0,'0987654312',NULL,NULL,'sdf sdf'),(47,0,'2024-11-16T01:28:46.139212800',12000,0,1,0,'04, 043, 01327, sdfsdf',0,'0987654312',NULL,NULL,'sdf sdf');
/*!40000 ALTER TABLE `orders` ENABLE KEYS */;

--
-- Table structure for table `provinces`
--

DROP TABLE IF EXISTS `provinces`;
/*!40101 SET @saved_cs_client     = @@character_set_client */;
/*!50503 SET character_set_client = utf8mb4 */;
CREATE TABLE `provinces` (
  `code` varchar(20) NOT NULL,
  `name` varchar(255) NOT NULL,
  `name_en` varchar(255) DEFAULT NULL,
  `full_name` varchar(255) NOT NULL,
  `full_name_en` varchar(255) DEFAULT NULL,
  `code_name` varchar(255) DEFAULT NULL,
  `administrative_unit_id` int DEFAULT NULL,
  `administrative_region_id` int DEFAULT NULL,
  PRIMARY KEY (`code`),
  KEY `idx_provinces_region` (`administrative_region_id`),
  KEY `idx_provinces_unit` (`administrative_unit_id`),
  CONSTRAINT `provinces_administrative_region_id_fkey` FOREIGN KEY (`administrative_region_id`) REFERENCES `administrative_regions` (`id`),
  CONSTRAINT `provinces_administrative_unit_id_fkey` FOREIGN KEY (`administrative_unit_id`) REFERENCES `administrative_units` (`id`)
) ENGINE=InnoDB DEFAULT CHARSET=utf8mb4 COLLATE=utf8mb4_0900_ai_ci;
/*!40101 SET character_set_client = @saved_cs_client */;

--
-- Dumping data for table `provinces`
--

/*!40000 ALTER TABLE `provinces` DISABLE KEYS */;
INSERT INTO `provinces` VALUES ('01','Hà Nội','Ha Noi','Thành phố Hà Nội','Ha Noi City','ha_noi',1,3),('02','Hà Giang','Ha Giang','Tỉnh Hà Giang','Ha Giang Province','ha_giang',2,1),('04','Cao Bằng','Cao Bang','Tỉnh Cao Bằng','Cao Bang Province','cao_bang',2,1),('06','Bắc Kạn','Bac Kan','Tỉnh Bắc Kạn','Bac Kan Province','bac_kan',2,1),('08','Tuyên Quang','Tuyen Quang','Tỉnh Tuyên Quang','Tuyen Quang Province','tuyen_quang',2,1),('10','Lào Cai','Lao Cai','Tỉnh Lào Cai','Lao Cai Province','lao_cai',2,2),('11','Điện Biên','Dien Bien','Tỉnh Điện Biên','Dien Bien Province','dien_bien',2,2),('12','Lai Châu','Lai Chau','Tỉnh Lai Châu','Lai Chau Province','lai_chau',2,2),('14','Sơn La','Son La','Tỉnh Sơn La','Son La Province','son_la',2,2),('15','Yên Bái','Yen Bai','Tỉnh Yên Bái','Yen Bai Province','yen_bai',2,2),('17','Hoà Bình','Hoa Binh','Tỉnh Hoà Bình','Hoa Binh Province','hoa_binh',2,2),('19','Thái Nguyên','Thai Nguyen','Tỉnh Thái Nguyên','Thai Nguyen Province','thai_nguyen',2,1),('20','Lạng Sơn','Lang Son','Tỉnh Lạng Sơn','Lang Son Province','lang_son',2,1),('22','Quảng Ninh','Quang Ninh','Tỉnh Quảng Ninh','Quang Ninh Province','quang_ninh',2,1),('24','Bắc Giang','Bac Giang','Tỉnh Bắc Giang','Bac Giang Province','bac_giang',2,1),('25','Phú Thọ','Phu Tho','Tỉnh Phú Thọ','Phu Tho Province','phu_tho',2,1),('26','Vĩnh Phúc','Vinh Phuc','Tỉnh Vĩnh Phúc','Vinh Phuc Province','vinh_phuc',2,3),('27','Bắc Ninh','Bac Ninh','Tỉnh Bắc Ninh','Bac Ninh Province','bac_ninh',2,3),('30','Hải Dương','Hai Duong','Tỉnh Hải Dương','Hai Duong Province','hai_duong',2,3),('31','Hải Phòng','Hai Phong','Thành phố Hải Phòng','Hai Phong City','hai_phong',1,3),('33','Hưng Yên','Hung Yen','Tỉnh Hưng Yên','Hung Yen Province','hung_yen',2,3),('34','Thái Bình','Thai Binh','Tỉnh Thái Bình','Thai Binh Province','thai_binh',2,3),('35','Hà Nam','Ha Nam','Tỉnh Hà Nam','Ha Nam Province','ha_nam',2,3),('36','Nam Định','Nam Dinh','Tỉnh Nam Định','Nam Dinh Province','nam_dinh',2,3),('37','Ninh Bình','Ninh Binh','Tỉnh Ninh Bình','Ninh Binh Province','ninh_binh',2,3),('38','Thanh Hóa','Thanh Hoa','Tỉnh Thanh Hóa','Thanh Hoa Province','thanh_hoa',2,4),('40','Nghệ An','Nghe An','Tỉnh Nghệ An','Nghe An Province','nghe_an',2,4),('42','Hà Tĩnh','Ha Tinh','Tỉnh Hà Tĩnh','Ha Tinh Province','ha_tinh',2,4),('44','Quảng Bình','Quang Binh','Tỉnh Quảng Bình','Quang Binh Province','quang_binh',2,4),('45','Quảng Trị','Quang Tri','Tỉnh Quảng Trị','Quang Tri Province','quang_tri',2,4),('46','Thừa Thiên Huế','Thua Thien Hue','Tỉnh Thừa Thiên Huế','Thua Thien Hue Province','thua_thien_hue',2,4),('48','Đà Nẵng','Da Nang','Thành phố Đà Nẵng','Da Nang City','da_nang',1,5),('49','Quảng Nam','Quang Nam','Tỉnh Quảng Nam','Quang Nam Province','quang_nam',2,5),('51','Quảng Ngãi','Quang Ngai','Tỉnh Quảng Ngãi','Quang Ngai Province','quang_ngai',2,5),('52','Bình Định','Binh Dinh','Tỉnh Bình Định','Binh Dinh Province','binh_dinh',2,5),('54','Phú Yên','Phu Yen','Tỉnh Phú Yên','Phu Yen Province','phu_yen',2,5),('56','Khánh Hòa','Khanh Hoa','Tỉnh Khánh Hòa','Khanh Hoa Province','khanh_hoa',2,5),('58','Ninh Thuận','Ninh Thuan','Tỉnh Ninh Thuận','Ninh Thuan Province','ninh_thuan',2,5),('60','Bình Thuận','Binh Thuan','Tỉnh Bình Thuận','Binh Thuan Province','binh_thuan',2,5),('62','Kon Tum','Kon Tum','Tỉnh Kon Tum','Kon Tum Province','kon_tum',2,6),('64','Gia Lai','Gia Lai','Tỉnh Gia Lai','Gia Lai Province','gia_lai',2,6),('66','Đắk Lắk','Dak Lak','Tỉnh Đắk Lắk','Dak Lak Province','dak_lak',2,6),('67','Đắk Nông','Dak Nong','Tỉnh Đắk Nông','Dak Nong Province','dak_nong',2,6),('68','Lâm Đồng','Lam Dong','Tỉnh Lâm Đồng','Lam Dong Province','lam_dong',2,6),('70','Bình Phước','Binh Phuoc','Tỉnh Bình Phước','Binh Phuoc Province','binh_phuoc',2,7),('72','Tây Ninh','Tay Ninh','Tỉnh Tây Ninh','Tay Ninh Province','tay_ninh',2,7),('74','Bình Dương','Binh Duong','Tỉnh Bình Dương','Binh Duong Province','binh_duong',2,7),('75','Đồng Nai','Dong Nai','Tỉnh Đồng Nai','Dong Nai Province','dong_nai',2,7),('77','Bà Rịa - Vũng Tàu','Ba Ria - Vung Tau','Tỉnh Bà Rịa - Vũng Tàu','Ba Ria - Vung Tau Province','ba_ria_vung_tau',2,7),('79','Hồ Chí Minh','Ho Chi Minh','Thành phố Hồ Chí Minh','Ho Chi Minh City','ho_chi_minh',1,7),('80','Long An','Long An','Tỉnh Long An','Long An Province','long_an',2,8),('82','Tiền Giang','Tien Giang','Tỉnh Tiền Giang','Tien Giang Province','tien_giang',2,8),('83','Bến Tre','Ben Tre','Tỉnh Bến Tre','Ben Tre Province','ben_tre',2,8),('84','Trà Vinh','Tra Vinh','Tỉnh Trà Vinh','Tra Vinh Province','tra_vinh',2,8),('86','Vĩnh Long','Vinh Long','Tỉnh Vĩnh Long','Vinh Long Province','vinh_long',2,8),('87','Đồng Tháp','Dong Thap','Tỉnh Đồng Tháp','Dong Thap Province','dong_thap',2,8),('89','An Giang','An Giang','Tỉnh An Giang','An Giang Province','an_giang',2,8),('91','Kiên Giang','Kien Giang','Tỉnh Kiên Giang','Kien Giang Province','kien_giang',2,8),('92','Cần Thơ','Can Tho','Thành phố Cần Thơ','Can Tho City','can_tho',1,8),('93','Hậu Giang','Hau Giang','Tỉnh Hậu Giang','Hau Giang Province','hau_giang',2,8),('94','Sóc Trăng','Soc Trang','Tỉnh Sóc Trăng','Soc Trang Province','soc_trang',2,8),('95','Bạc Liêu','Bac Lieu','Tỉnh Bạc Liêu','Bac Lieu Province','bac_lieu',2,8),('96','Cà Mau','Ca Mau','Tỉnh Cà Mau','Ca Mau Province','ca_mau',2,8);
/*!40000 ALTER TABLE `provinces` ENABLE KEYS */;

--
-- Table structure for table `sku`
--

DROP TABLE IF EXISTS `sku`;
/*!40101 SET @saved_cs_client     = @@character_set_client */;
/*!50503 SET character_set_client = utf8mb4 */;
CREATE TABLE `sku` (
  `id` bigint NOT NULL AUTO_INCREMENT,
  `spu_id` bigint DEFAULT NULL,
  `sku_name` varchar(100) NOT NULL,
  `sku_description` varchar(255) DEFAULT NULL,
  `sku_status` int DEFAULT NULL,
  `sku_stock` bigint DEFAULT NULL,
  `sku_price` bigint DEFAULT NULL,
  `sku_attri` json DEFAULT NULL,
  `sku_no` varchar(50) NOT NULL,
  PRIMARY KEY (`id`),
  KEY `FKehokkbtij47fmc8iwwhgepor2` (`spu_id`),
  CONSTRAINT `FKehokkbtij47fmc8iwwhgepor2` FOREIGN KEY (`spu_id`) REFERENCES `spu` (`id`)
) ENGINE=InnoDB AUTO_INCREMENT=81 DEFAULT CHARSET=utf8mb4 COLLATE=utf8mb4_0900_ai_ci;
/*!40101 SET character_set_client = @saved_cs_client */;

--
-- Dumping data for table `sku`
--

/*!40000 ALTER TABLE `sku` DISABLE KEYS */;
INSERT INTO `sku` VALUES (1,1,'NORDA Air Max','Classic cushioned shoe',1,50,12000,'{\"Size\": \"36\", \"Color\": \"Black\"}',''),(2,1,'NORDA Revolution','Lightweight running shoe',1,60,10000,'{\"Size\": \"36\", \"Color\": \"Blue\"}',''),(3,2,'ON RUNNING Ultra Boost','Premium running shoe',1,40,15000,'{\"Size\": \"37\", \"Color\": \"Gray\"}',''),(4,2,'ON RUNNING Gazelle','Stylish casual shoe',1,70,9000,'{\"Size\": \"37\", \"Color\": \"White\"}',''),(5,3,'SAUCONY RS-X','Retro style sneaker',1,30,8500,'{\"Size\": \"38\", \"Color\": \"Red\"}',''),(6,3,'SAUCONY Suede Classic','Casual everyday sneaker',1,80,7000,'{\"Size\": \"38\", \"Color\": \"Black\"}',''),(7,4,'XEROSHOES Nano','High-performance cross-training shoe',1,25,11000,'{\"Size\": \"39\", \"Color\": \"Blue\"}',''),(8,4,'XEROSHOES Classic Leather','Iconic everyday sneaker',1,90,9500,'{\"Size\": \"39\", \"Color\": \"White\"}',''),(9,5,'New Balance 574','Classic retro running shoe',1,45,9500,'{\"Size\": \"40\", \"Color\": \"Black\"}',''),(10,5,'New Balance Fresh Foam','Premium cushioned shoe',1,55,14000,'{\"Size\": \"40\", \"Color\": \"Yellow\"}',''),(11,6,'NIKE Air Max','Classic cushioned shoe',1,50,12000,'{\"Size\": \"41\", \"Color\": \"Gray\"}',''),(12,6,'NIKE Revolution','Lightweight running shoe',1,60,10000,'{\"Size\": \"41\", \"Color\": \"Green\"}',''),(13,7,'ADIDAS Ultra Boost','Premium running shoe',1,40,15000,'{\"Size\": \"42\", \"Color\": \"Black\"}',''),(14,7,'ADIDAS Gazelle','Stylish casual shoe',1,70,9000,'{\"Size\": \"42\", \"Color\": \"Pink\"}',''),(15,8,'PUMA RS-X','Retro style sneaker',1,30,8500,'{\"Size\": \"43\", \"Color\": \"White\"}',''),(16,8,'PUMA Suede Classic','Casual everyday sneaker',1,80,7000,'{\"Size\": \"43\", \"Color\": \"Blue\"}',''),(17,9,'REEBOK Nano','High-performance cross-training shoe',1,25,11000,'{\"Size\": \"43\", \"Color\": \"Brown\"}',''),(18,9,'REEBOK Classic Leather','Iconic everyday sneaker',1,90,9500,'{\"Size\": \"43\", \"Color\": \"Black\"}',''),(19,10,'UNDER ARMOUR 574','Classic retro running shoe',1,45,9500,'{\"Size\": \"44\", \"Color\": \"Blue\"}',''),(20,10,'UNDER ARMOUR Fresh Foam','Premium cushioned shoe',1,55,14000,'{\"Size\": \"44\", \"Color\": \"Red\"}',''),(31,11,'NIKE Legend','Lightweight and flexible sports shoe',1,45,13000,'{\"Size\": \"S\", \"Color\": \"Red\"}',''),(32,11,'NIKE Legend Pro','Lightweight premium sports shoe',1,50,13500,'{\"Size\": \"S\", \"Color\": \"Blue\"}',''),(33,12,'ADIDAS Classic Run','Comfortable running shoe',1,55,12500,'{\"Size\": \"S\", \"Color\": \"Red\"}',''),(34,12,'ADIDAS Classic Run Plus','Enhanced comfort running shoe',1,60,13000,'{\"Size\": \"S\", \"Color\": \"Blue\"}',''),(35,13,'PUMA Racer','High-performance racing shoe',1,35,9000,'{\"Size\": \"S\", \"Color\": \"Red\"}',''),(36,13,'PUMA Racer XT','Advanced racing shoe',1,40,9500,'{\"Size\": \"S\", \"Color\": \"Blue\"}',''),(37,14,'ON Runner Swift','Swift and comfortable running shoe',1,50,15000,'{\"Size\": \"S\", \"Color\": \"Red\"}',''),(38,14,'ON Runner Swift Max','Enhanced speed and comfort',1,55,15500,'{\"Size\": \"S\", \"Color\": \"Blue\"}',''),(39,15,'REEBOK Trail Master','Durable trail shoe',1,45,10500,'{\"Size\": \"S\", \"Color\": \"Red\"}',''),(40,15,'REEBOK Trail Master Pro','Upgraded durability for trails',1,50,11000,'{\"Size\": \"S\", \"Color\": \"Blue\"}',''),(41,16,'UNDER ARMOUR Sprint','Lightweight sprint shoe',1,60,12000,'{\"Size\": \"S\", \"Color\": \"Red\"}',''),(42,16,'UNDER ARMOUR Sprint Elite','Enhanced lightweight sprint shoe',1,65,12500,'{\"Size\": \"S\", \"Color\": \"Blue\"}',''),(43,17,'ASICS Speedrunner','High-speed running shoe',1,55,11500,'{\"Size\": \"S\", \"Color\": \"Red\"}',''),(44,17,'ASICS Speedrunner Max','High-speed performance shoe',1,60,11800,'{\"Size\": \"S\", \"Color\": \"Blue\"}',''),(45,18,'SALOMON Terrain','Rugged outdoor terrain shoe',1,40,14000,'{\"Size\": \"S\", \"Color\": \"Red\"}',''),(46,18,'SALOMON Terrain Pro','Advanced rugged terrain shoe',1,45,14500,'{\"Size\": \"S\", \"Color\": \"Blue\"}',''),(47,19,'MIZUNO Wave','Balanced cushioned shoe',1,50,12500,'{\"Size\": \"S\", \"Color\": \"Red\"}',''),(48,19,'MIZUNO Wave Elite','Enhanced cushioned performance shoe',1,55,13000,'{\"Size\": \"S\", \"Color\": \"Blue\"}',''),(49,20,'CONVERSE Allstar','Iconic casual sneaker',1,60,10000,'{\"Size\": \"S\", \"Color\": \"Red\"}',''),(50,20,'CONVERSE Allstar Pro','Upgraded classic sneaker',1,65,10500,'{\"Size\": \"S\", \"Color\": \"Blue\"}',''),(51,21,'VANS Sk8-Hi','High-top skate shoe',1,50,9000,'{\"Size\": \"S\", \"Color\": \"Red\"}',''),(52,21,'VANS Sk8-Hi Pro','Enhanced high-top skate shoe',1,55,9500,'{\"Size\": \"S\", \"Color\": \"Blue\"}',''),(53,22,'NEW BALANCE Trailblazer','Durable trail shoe',1,40,10500,'{\"Size\": \"S\", \"Color\": \"Red\"}',''),(54,22,'NEW BALANCE Trailblazer Pro','Upgraded durability for trail',1,45,11000,'{\"Size\": \"S\", \"Color\": \"Blue\"}',''),(55,23,'ASICS Gel-Quantum','Comfort-focused athletic shoe',1,55,11500,'{\"Size\": \"S\", \"Color\": \"Red\"}',''),(56,23,'ASICS Gel-Quantum Pro','Enhanced comfort athletic shoe',1,60,12000,'{\"Size\": \"S\", \"Color\": \"Blue\"}',''),(57,24,'BROOKS Glycerin','Cushioned running shoe',1,65,12500,'{\"Size\": \"S\", \"Color\": \"Red\"}',''),(58,24,'BROOKS Glycerin Plus','Enhanced cushioned running shoe',1,70,13000,'{\"Size\": \"S\", \"Color\": \"Blue\"}',''),(59,25,'HOKA One One','Premium high-cushion shoe',1,40,15000,'{\"Size\": \"S\", \"Color\": \"Red\"}',''),(60,25,'HOKA One One Elite','Enhanced high-cushion shoe',1,45,15500,'{\"Size\": \"S\", \"Color\": \"Blue\"}',''),(61,26,'VANS Old Skool','Classic skate shoe',1,55,8500,'{\"Size\": \"S\", \"Color\": \"Red\"}',''),(62,26,'VANS Old Skool Pro','Enhanced classic skate shoe',1,60,9000,'{\"Size\": \"S\", \"Color\": \"Blue\"}',''),(63,27,'NIKE Free Run','Flexible running shoe',1,50,12000,'{\"Size\": \"S\", \"Color\": \"Red\"}',''),(64,27,'NIKE Free Run Pro','Enhanced flexibility running shoe',1,55,12500,'{\"Size\": \"S\", \"Color\": \"Blue\"}',''),(65,28,'ADIDAS NMD','Stylish everyday sneaker',1,45,13000,'{\"Size\": \"S\", \"Color\": \"Red\"}',''),(66,28,'ADIDAS NMD R1','Premium stylish sneaker',1,50,13500,'{\"Size\": \"S\", \"Color\": \"Blue\"}',''),(67,29,'PUMA FIERCE','Training and workout shoe',1,40,9000,'{\"Size\": \"S\", \"Color\": \"Red\"}',''),(68,29,'PUMA FIERCE Core','Enhanced training shoe',1,45,9500,'{\"Size\": \"S\", \"Color\": \"Blue\"}',''),(69,30,'UNDER ARMOUR Charged','High-performance training shoe',1,55,11500,'{\"Size\": \"S\", \"Color\": \"Red\"}',''),(70,30,'UNDER ARMOUR Charged Elite','Premium training performance shoe',1,60,12000,'{\"Size\": \"S\", \"Color\": \"Blue\"}',''),(71,41,'Nike Air Max 270 - Black - Size M','Black Nike Air Max 270, size M',1,100,1500000,'{\"Size\": \"S\", \"Color\": \"Red\"}',''),(72,41,'Nike Air Max 270 - Black - Size L','Black Nike Air Max 270, size L',1,80,1500000,'{\"Size\": \"S\", \"Color\": \"Blue\"}',''),(73,42,'Adidas Superstar - White - Size S','Classic Adidas Superstar, white color, size S',1,0,1400000,'{\"Size\": \"S\", \"Color\": \"Red\"}',''),(74,42,'Adidas Superstar - White - Size M','Classic Adidas Superstar, white color, size M',1,100,1400000,'{\"Size\": \"S\", \"Color\": \"Blue\"}',''),(75,42,'Adidas Superstar - White - Size L','Classic Adidas Superstar, white color, size L',1,80,1400000,'{\"Size\": \"S\", \"Color\": \"Red\"}',''),(76,42,'Adidas Superstar - Black - Size S','Classic Adidas Superstar, black color, size S',1,90,1400000,'{\"Size\": \"S\", \"Color\": \"Blue\"}',''),(77,42,'Adidas Superstar - Black - Size M','Classic Adidas Superstar, black color, size M',1,0,1400000,'{\"Size\": \"S\", \"Color\": \"Red\"}',''),(78,42,'Adidas Superstar - Black - Size L','Classic Adidas Superstar, black color, size L',1,60,1400000,'{\"Size\": \"S\", \"Color\": \"Blue\"}',''),(79,42,'Adidas Superstar - White - Size XL','Classic Adidas Superstar, white color, size XL',1,50,1400000,'{\"Size\": \"S\", \"Color\": \"Red\"}',''),(80,42,'Adidas Superstar - Black - Size XL','Classic Adidas Superstar, black color, size XL',1,40,1400000,'{\"Size\": \"S\", \"Color\": \"Blue\"}','');
/*!40000 ALTER TABLE `sku` ENABLE KEYS */;

--
-- Table structure for table `sku_attribute`
--

DROP TABLE IF EXISTS `sku_attribute`;
/*!40101 SET @saved_cs_client     = @@character_set_client */;
/*!50503 SET character_set_client = utf8mb4 */;
CREATE TABLE `sku_attribute` (
  `id` bigint NOT NULL AUTO_INCREMENT,
  `name` varchar(30) NOT NULL,
  `category_id` bigint DEFAULT NULL,
  `create_time` date DEFAULT NULL,
  `update_date` date DEFAULT NULL,
  PRIMARY KEY (`id`)
) ENGINE=InnoDB AUTO_INCREMENT=9 DEFAULT CHARSET=utf8mb4 COLLATE=utf8mb4_0900_ai_ci;
/*!40101 SET character_set_client = @saved_cs_client */;

--
-- Dumping data for table `sku_attribute`
--

/*!40000 ALTER TABLE `sku_attribute` DISABLE KEYS */;
INSERT INTO `sku_attribute` VALUES (1,'Giày Chạy Bộ Nữ',8,'2023-01-03','2023-01-04'),(2,'Giày Chạy Bộ Nam',9,'2023-01-05','2023-01-06'),(3,'Giày Địa Hình Nữ',10,'2023-01-03','2023-01-04'),(4,'Giày Địa Hình Nam',11,'2023-01-03','2023-01-04'),(5,'Kính',12,'2023-01-03','2023-01-04'),(6,'Mũ',13,'2023-01-03','2023-01-04'),(7,'Tất',14,'2023-01-03','2023-01-04'),(8,'Gậy Địa Hình',15,'2023-01-03','2023-01-04');
/*!40000 ALTER TABLE `sku_attribute` ENABLE KEYS */;

--
-- Table structure for table `sku_attribute_value`
--

DROP TABLE IF EXISTS `sku_attribute_value`;
/*!40101 SET @saved_cs_client     = @@character_set_client */;
/*!50503 SET character_set_client = utf8mb4 */;
CREATE TABLE `sku_attribute_value` (
  `id` bigint NOT NULL AUTO_INCREMENT,
  `name` varchar(30) NOT NULL,
  `attri_id` bigint DEFAULT NULL,
  `category_id` bigint DEFAULT NULL,
  PRIMARY KEY (`id`)
) ENGINE=InnoDB AUTO_INCREMENT=49 DEFAULT CHARSET=utf8mb4 COLLATE=utf8mb4_0900_ai_ci;
/*!40101 SET character_set_client = @saved_cs_client */;

--
-- Dumping data for table `sku_attribute_value`
--

/*!40000 ALTER TABLE `sku_attribute_value` DISABLE KEYS */;
INSERT INTO `sku_attribute_value` VALUES (1,'36',1,NULL),(2,'37',1,NULL),(3,'38',1,NULL),(4,'39',1,NULL),(5,'40',1,NULL),(6,'41',1,NULL),(7,'42',1,NULL),(8,'39',2,NULL),(11,'40',2,NULL),(12,'41',2,NULL),(13,'42',2,NULL),(14,'43',2,NULL),(15,'44',2,NULL),(16,'36',3,NULL),(17,'37',3,NULL),(18,'38',3,NULL),(19,'39',3,NULL),(20,'40',3,NULL),(21,'41',3,NULL),(22,'42',3,NULL),(23,'39',4,NULL),(24,'40',4,NULL),(25,'41',4,NULL),(26,'42',4,NULL),(27,'43',4,NULL),(28,'44',4,NULL),(29,'S',6,NULL),(30,'M',6,NULL),(31,'L',6,NULL),(32,'XL',6,NULL),(33,'XXL',6,NULL),(39,'S',7,NULL),(40,'M',7,NULL),(41,'L',7,NULL),(42,'XL',7,NULL),(43,'XXL',7,NULL),(44,'100',8,NULL),(45,'110',8,NULL),(46,'120',8,NULL),(47,'125',8,NULL),(48,'130',8,NULL);
/*!40000 ALTER TABLE `sku_attribute_value` ENABLE KEYS */;

--
-- Table structure for table `sku_images`
--

DROP TABLE IF EXISTS `sku_images`;
/*!40101 SET @saved_cs_client     = @@character_set_client */;
/*!50503 SET character_set_client = utf8mb4 */;
CREATE TABLE `sku_images` (
  `id` bigint NOT NULL AUTO_INCREMENT,
  `sku_id` bigint DEFAULT NULL,
  `image_url` varchar(255) NOT NULL,
  `img_default` int DEFAULT NULL,
  `create_time` date DEFAULT NULL,
  `update_time` date DEFAULT NULL,
  PRIMARY KEY (`id`),
  KEY `FK1jhbc0bgvqatf0il70rj004hw` (`sku_id`),
  CONSTRAINT `FK1jhbc0bgvqatf0il70rj004hw` FOREIGN KEY (`sku_id`) REFERENCES `sku` (`id`)
) ENGINE=InnoDB AUTO_INCREMENT=23 DEFAULT CHARSET=utf8mb4 COLLATE=utf8mb4_0900_ai_ci;
/*!40101 SET character_set_client = @saved_cs_client */;

--
-- Dumping data for table `sku_images`
--

/*!40000 ALTER TABLE `sku_images` DISABLE KEYS */;
INSERT INTO `sku_images` VALUES (1,1,'https://i5.walmartimages.com/seo/Puma-Mens-Suede-Classic-XXI-Sneakers-Black-White-11-US_c089bb1c-a199-4fe4-9987-2ff66f9cd859.d48a1eac667747ed6f53b7504bf79460.jpeg',0,NULL,NULL),(2,2,'https://images.puma.com/image/upload/f_auto,q_auto,b_rgb:fafafa,w_450,h_450/global/398846/01/sv01/fnd/PHL/fmt/png',0,NULL,NULL),(3,3,'https://images.puma.com/image/upload/f_auto,q_auto,b_rgb:fafafa,w_450,h_450/global/395205/21/sv01/fnd/PHL/fmt/png',0,NULL,NULL),(4,4,'https://images.puma.com/image/upload/f_auto,q_auto,b_rgb:fafafa,w_2000,h_2000/global/396464/01/sv01/fnd/DFA/fmt/png/Palermo-Leather-Sneakers-Unisex',0,NULL,NULL),(5,5,'https://www.sportspar.de/media/image/38/c9/c5/307311-01-1LnC2Ta5U9NxBe.jpg',0,NULL,NULL),(6,6,'https://static.nike.com/a/images/t_PDP_1280_v1/f_auto,q_auto:eco/99486859-0ff3-46b4-949b-2d16af2ad421/custom-nike-dunk-high-by-you-shoes.png',0,NULL,NULL),(7,7,'https://static.nike.com/a/images/t_PDP_936_v1/f_auto,q_auto:eco/3f3e7049-5c99-428c-abcd-e246b086f2ed/AIR+FORCE+1+%2707.png',0,NULL,NULL),(8,8,'https://static.nike.com/a/images/t_PDP_936_v1/f_auto,q_auto:eco/3f3e7049-5c99-428c-abcd-e246b086f2ed/AIR+FORCE+1+%2707.png',0,NULL,NULL),(9,9,'https://static.nike.com/a/images/t_PDP_936_v1/f_auto,q_auto:eco/6b257d85-cbc4-4179-badd-b6c81e290926/W+NIKE+P-6000.png',0,NULL,NULL),(10,10,'https://image.cnbcfm.com/api/v1/image/105680013-1547583426762nike1.jpg?v=1547583682&w=1858&h=1045&vtcrop=y',0,NULL,NULL),(11,11,'https://image.cnbcfm.com/api/v1/image/105680013-1547583426762nike1.jpg?v=1547583682&w=1858&h=1045&vtcrop=y',0,NULL,NULL),(12,12,'https://image.cnbcfm.com/api/v1/image/105680013-1547583426762nike1.jpg?v=1547583682&w=1858&h=1045&vtcrop=y',0,NULL,NULL),(13,13,'https://image.cnbcfm.com/api/v1/image/105680013-1547583426762nike1.jpg?v=1547583682&w=1858&h=1045&vtcrop=y',0,NULL,NULL),(14,14,'https://image.cnbcfm.com/api/v1/image/105680013-1547583426762nike1.jpg?v=1547583682&w=1858&h=1045&vtcrop=y',0,NULL,NULL),(15,15,'https://image.cnbcfm.com/api/v1/image/105680013-1547583426762nike1.jpg?v=1547583682&w=1858&h=1045&vtcrop=y',0,NULL,NULL),(16,16,'https://image.cnbcfm.com/api/v1/image/105680013-1547583426762nike1.jpg?v=1547583682&w=1858&h=1045&vtcrop=y',0,NULL,NULL),(17,17,'https://image.cnbcfm.com/api/v1/image/105680013-1547583426762nike1.jpg?v=1547583682&w=1858&h=1045&vtcrop=y',0,NULL,NULL),(18,18,'https://image.cnbcfm.com/api/v1/image/105680013-1547583426762nike1.jpg?v=1547583682&w=1858&h=1045&vtcrop=y',0,NULL,NULL),(19,19,'https://image.cnbcfm.com/api/v1/image/105680013-1547583426762nike1.jpg?v=1547583682&w=1858&h=1045&vtcrop=y',0,NULL,NULL),(20,20,'https://image.cnbcfm.com/api/v1/image/105680013-1547583426762nike1.jpg?v=1547583682&w=1858&h=1045&vtcrop=y',0,NULL,NULL);
/*!40000 ALTER TABLE `sku_images` ENABLE KEYS */;

--
-- Table structure for table `spu`
--

DROP TABLE IF EXISTS `spu`;
/*!40101 SET @saved_cs_client     = @@character_set_client */;
/*!50503 SET character_set_client = utf8mb4 */;
CREATE TABLE `spu` (
  `id` bigint NOT NULL AUTO_INCREMENT,
  `spu_name` varchar(200) NOT NULL,
  `spu_description` text,
  `category_id` bigint DEFAULT NULL,
  `brand_id` bigint DEFAULT NULL,
  `spu_status` int DEFAULT NULL,
  `discount` int DEFAULT NULL,
  `slug` varchar(255) DEFAULT NULL,
  `spu_attributes` json DEFAULT NULL,
  `spu_no` varchar(255) DEFAULT NULL,
  PRIMARY KEY (`id`),
  KEY `FKcdgvlv0nq45bmy69la2ou5pes` (`brand_id`),
  CONSTRAINT `FKcdgvlv0nq45bmy69la2ou5pes` FOREIGN KEY (`brand_id`) REFERENCES `brand` (`id`)
) ENGINE=InnoDB AUTO_INCREMENT=46 DEFAULT CHARSET=utf8mb4 COLLATE=utf8mb4_0900_ai_ci;
/*!40101 SET character_set_client = @saved_cs_client */;

--
-- Dumping data for table `spu`
--

/*!40000 ALTER TABLE `spu` DISABLE KEYS */;
INSERT INTO `spu` VALUES (1,'NORDA Sports Collection - t','## MIÊU TẢ\nNếu bạn đang tìm kiếm một đôi giày chạy bộ đa năng trung tính đáng tin cậy thì HOKA Clifton 9 chính là đôi giày bạn cần! Bất kể tốc độ bạn chạy là gì - 5 km hay chạy dài - bạn đều có ',8,1,1,90,'under-armour-hovr','{\"Size\": [\"36\"], \"Color\": [\"Black\", \"Blue\"]}','SPU008'),(2,'ON RUNNING Summer Collection  - t','## MIÊU TẢ\nNếu bạn đang tìm kiếm một đôi giày chạy bộ đa năng trung tính đáng tin cậy thì HOKA Clifton 9 chính là đôi giày bạn cần! Bất kể tốc độ bạn chạy là gì - 5 km hay chạy dài - bạn đều có ',8,2,1,90,'new-balance-fresh-foam','{\"Size\": [\"37\"], \"Color\": [\"Gray\", \"White\"]}','SPU009'),(3,'SAUCONY Retro CollectionSAUCONY Retro Collection','Miêu tả chi tiết sản phẩm Adidas NMD...',9,3,1,90,'adidas-nmd','{\"Size\": [\"38\"], \"Color\": [\"Black\", \"Red\"]}','SPU010'),(4,'XEROSHOES Fitness Collection','Miêu tả chi tiết sản phẩm Asics Gel Kayano...',9,1,1,97,'asics-gel-kayano','{\"Size\": [\"39\"], \"Color\": [\"Blue\", \"White\"]}','SPU011'),(5,'New Balance Classics','Miêu tả chi tiết sản phẩm Salomon Speedcross...',10,1,1,12,'salomon-speedcross','{\"Size\": [\"40\"], \"Color\": [\"Black\", \"Yellow\"]}','SPU012'),(6,'NIKE Air Max Collection','Miêu tả chi tiết sản phẩm Puma RS-X...',10,2,1,13,'puma-rs-x','{\"Size\": [\"41\"], \"Color\": [\"Gray\", \"Green\"]}','SPU013'),(7,'ADIDAS Ultra Boost Collection','Miêu tả chi tiết sản phẩm Nike React Infinity...',11,3,1,14,'nike-react-infinity','{\"Size\": [\"42\"], \"Color\": [\"Black\", \"Pink\"]}','SPU014'),(8,'PUMA RS-X Collection','Miêu tả chi tiết sản phẩm Reebok Zig Kinetica...',11,3,1,15,'reebok-zig-kinetica','{\"Size\": [\"43\"], \"Color\": [\"White\", \"Blue\"]}','SPU015'),(9,'REEBOK Nano Collection','Miêu tả chi tiết sản phẩm Asics Gel Venture...',11,4,1,16,'asics-gel-venture','{\"Size\": [\"43\"], \"Color\": [\"Brown\", \"Black\"]}','SPU016'),(10,'UNDER ARMOUR 574 Collection','Miêu tả chi tiết sản phẩm Hoka Bondi...',11,1,1,17,'hoka-bondi','{\"Size\": [\"44\"], \"Color\": [\"Blue\", \"Red\"]}','SPU017'),(11,'NIKE Revolution','Miêu tả chi tiết sản phẩm NIKE Revolution...',12,1,1,18,'nike-revolution','{\"Size\": [\"S\"], \"Color\": [\"Red\", \"Blue\"]}','SPU018'),(12,'ADIDAS Gazelle','Miêu tả chi tiết sản phẩm ADIDAS Gazelle...',12,2,1,19,'adidas-gazelle','{\"Size\": [\"S\"], \"Color\": [\"Red\", \"Blue\"]}','SPU019'),(13,'PUMA Smash -t','Miêu tả chi tiết sản phẩm PUMA Smash...',13,3,1,90,'puma-smash','{\"Size\": [\"S\"], \"Color\": [\"Red\", \"Blue\"]}','SPU020'),(14,'ON Running Cloud  - t','Miêu tả chi tiết sản phẩm ON Running Cloud...',13,4,1,99,'on-running-cloud','{\"Size\": [\"S\"], \"Color\": [\"Red\", \"Blue\"]}','SPU021'),(15,'REEBOK Club C  - t','Miêu tả chi tiết sản phẩm REEBOK Club C...',13,1,1,94,'reebok-club-c','{\"Size\": [\"S\"], \"Color\": [\"Red\", \"Blue\"]}','SPU022'),(16,'ASICS Gel Nimbus  - t','Miêu tả chi tiết sản phẩm ASICS Gel Nimbus...',13,2,1,99,'asics-gel-nimbus','{\"Size\": [\"S\"], \"Color\": [\"Red\", \"Blue\"]}','SPU023'),(17,'VANS Old Skool  - t','Miêu tả chi tiết sản phẩm VANS Old Skool...',13,3,1,90,'vans-old-skool','{\"Size\": [\"S\"], \"Color\": [\"Red\", \"Blue\"]}','SPU024'),(18,'CONVERSE Chuck Taylor  - t','Miêu tả chi tiết sản phẩm CONVERSE Chuck Taylor...',13,4,1,70,'converse-chuck-taylor','{\"Size\": [\"S\"], \"Color\": [\"Red\", \"Blue\"]}','SPU025'),(19,'NEW BALANCE 574 Core  - t','Miêu tả chi tiết sản phẩm NEW BALANCE 574 Core...',13,1,1,90,'new-balance-574-core','{\"Size\": [\"S\"], \"Color\": [\"Red\", \"Blue\"]}','SPU026'),(20,'SALOMON Trailster  - t','Miêu tả chi tiết sản phẩm SALOMON Trailster...',13,2,1,99,'salomon-trailster','{\"Size\": [\"S\"], \"Color\": [\"Red\", \"Blue\"]}','SPU027'),(21,'MIZUNO Wave Rider  - t','Miêu tả chi tiết sản phẩm MIZUNO Wave Rider...',13,3,1,76,'mizuno-wave-rider','{\"Size\": [\"S\"], \"Color\": [\"Red\", \"Blue\"]}','SPU028'),(22,'ASICS GT-2000  - t','Miêu tả chi tiết sản phẩm ASICS GT-2000...',13,4,1,90,'asics-gt-2000','{\"Size\": [\"S\"], \"Color\": [\"Red\", \"Blue\"]}','SPU029'),(23,'BROOKS Ghost  - t','Miêu tả chi tiết sản phẩm BROOKS Ghost...',18,1,1,76,'brooks-ghost','{\"Size\": [\"S\"], \"Color\": [\"Red\", \"Blue\"]}','SPU030'),(24,'SAUCONY Kinvara  - t','Miêu tả chi tiết sản phẩm SAUCONY Kinvara...',18,2,1,79,'saucony-kinvara','{\"Size\": [\"S\"], \"Color\": [\"Red\", \"Blue\"]}','SPU031'),(25,'HOKA Clifton  - t','Miêu tả chi tiết sản phẩm HOKA Clifton...',19,3,1,97,'hoka-clifton','{\"Size\": [\"S\"], \"Color\": [\"Red\", \"Blue\"]}','SPU032'),(26,'MERRELL Moab  - t','Miêu tả chi tiết sản phẩm MERRELL Moab...',19,4,1,90,'merrell-moab','{\"Size\": [\"S\"], \"Color\": [\"Red\", \"Blue\"]}','SPU033'),(27,'NIKE Downshifter  - t','Miêu tả chi tiết sản phẩm NIKE Downshifter...',20,1,1,90,'nike-downshifter','{\"Size\": [\"S\"], \"Color\": [\"Red\", \"Blue\"]}','SPU034'),(28,'PUMA Tazon  - t','Miêu tả chi tiết sản phẩm PUMA Tazon...',20,2,1,90,'puma-tazon','{\"Size\": [\"S\"], \"Color\": [\"Red\", \"Blue\"]}','SPU035'),(29,'VANS Era  - t','Miêu tả chi tiết sản phẩm VANS Era...',21,3,1,70,'vans-era','{\"Size\": [\"S\"], \"Color\": [\"Red\", \"Blue\"]}','SPU036'),(30,'CONVERSE Jack  - t','Miêu tả chi tiết sản phẩm CONVERSE Jack Purcell...',21,4,1,90,'converse-jack-purcell','{\"Size\": [\"S\"], \"Color\": [\"Red\", \"Blue\"]}','SPU037'),(41,'Nike Air Max 270','## MIÊU TẢ\nNếu bạn đang tìm kiếm một đôi giày chạy bộ đa năng trung tính đáng tin cậy thì HOKA Clifton 9 chính là đôi giày bạn cần! Bất kể tốc độ bạn chạy là gì - 5 km hay chạy dài - bạn đều có ',22,1,1,10,'nike-air-max-270','{\"Size\": [\"S\"], \"Color\": [\"Red\", \"Blue\"]}','SPU001'),(42,'Adidas Superstar','## MIÊU TẢ\nNếu bạn đang tìm kiếm một đôi giày chạy bộ đa năng trung tính đáng tin cậy thì HOKA Clifton 9 chính là đôi giày bạn cần! Bất kể tốc độ bạn chạy là gì - 5 km hay chạy dài - bạn đều có ',22,2,1,15,'adidas-superstar','{\"Size\": [\"S\"], \"Color\": [\"Red\", \"Blue\"]}','SPU002');
/*!40000 ALTER TABLE `spu` ENABLE KEYS */;

--
-- Table structure for table `spu_images`
--

DROP TABLE IF EXISTS `spu_images`;
/*!40101 SET @saved_cs_client     = @@character_set_client */;
/*!50503 SET character_set_client = utf8mb4 */;
CREATE TABLE `spu_images` (
  `id` bigint NOT NULL AUTO_INCREMENT,
  `spu_id` bigint DEFAULT NULL,
  `name` varchar(50) DEFAULT NULL,
  `img_url` varchar(255) NOT NULL,
  `img_default` int DEFAULT NULL,
  `create_time` date DEFAULT NULL,
  `update_time` date DEFAULT NULL,
  PRIMARY KEY (`id`),
  KEY `FK5ro9ho2xtvwq7hupapgyxekd1` (`spu_id`),
  CONSTRAINT `FK5ro9ho2xtvwq7hupapgyxekd1` FOREIGN KEY (`spu_id`) REFERENCES `spu` (`id`)
) ENGINE=InnoDB AUTO_INCREMENT=92 DEFAULT CHARSET=utf8mb4 COLLATE=utf8mb4_0900_ai_ci;
/*!40101 SET character_set_client = @saved_cs_client */;

--
-- Dumping data for table `spu_images`
--

/*!40000 ALTER TABLE `spu_images` DISABLE KEYS */;
INSERT INTO `spu_images` VALUES (1,1,NULL,'https://pos.nvncdn.com/be3294-43017/ps/20231208_7LnI3iZkJX.jpeg',0,NULL,NULL),(2,1,NULL,'https://pos.nvncdn.com/be3294-43017/ps/20231203_XSA9GtD7z2.png',0,NULL,NULL),(3,1,NULL,'https://pos.nvncdn.com/be3294-43017/ps/20231211_L2GJQPkhbw.jpeg',0,NULL,NULL),(4,2,NULL,'https://pos.nvncdn.com/be3294-43017/ps/20240531_g3Agbdlbpz.png',0,NULL,NULL),(5,2,NULL,'https://pos.nvncdn.com/be3294-43017/ps/20240327_hoIUjbTiE2.webp',0,NULL,NULL),(6,2,NULL,'https://pos.nvncdn.com/be3294-43017/ps/20240327_s9BaeCjhLu.jpeg',0,NULL,NULL),(7,3,NULL,'https://assets.adidas.com/images/h_840,f_auto,q_auto,fl_lossy,c_fill,g_auto/0e03e7a2a9cb44dfac2bad6a00f95888_9366/Giay_NMD_R1_trang_GZ9261_01_standard.jpg',0,NULL,NULL),(8,3,NULL,'https://encrypted-tbn0.gstatic.com/images?q=tbn:ANd9GcTo05J62f7GRZqGXKROvovMdZWQzbfpBl3yqw&s',0,NULL,NULL),(9,3,NULL,'https://pos.nvncdn.com/be3294-43017/ps/20230221_WOSO8qLjgduILnE5.jpeg',0,NULL,NULL),(10,4,NULL,'https://pos.nvncdn.com/be3294-43017/ps/20230221_WOSO8qLjgduILnE5.jpeg',0,NULL,NULL),(11,4,NULL,'https://pos.nvncdn.com/be3294-43017/ps/20230517_HGYK4nBdQ9.jpeg',0,NULL,NULL),(12,4,NULL,'https://pos.nvncdn.com/be3294-43017/ps/20231205_FgiJLmwRBQ.jpeg',0,NULL,NULL),(13,5,NULL,'https://pos.nvncdn.com/be3294-43017/ps/20231205_65JoXzm68I.jpeg',0,NULL,NULL),(14,5,NULL,'https://pos.nvncdn.com/be3294-43017/ps/20231205_D9w0jDalRs.jpeg',0,NULL,NULL),(16,6,NULL,'https://encrypted-tbn0.gstatic.com/images?q=tbn:ANd9GcSKzNNlt1tMKu_q3EXCNyk5abOSXBCqY1TgSw&s',0,NULL,NULL),(17,6,NULL,'https://cdn.authentic-shoes.com/wp-content/uploads/2023/04/476345_01.jpg_4ea484e479304dfa8844ea363c3ad3df-600x348.png',0,NULL,NULL),(18,6,NULL,'https://cdn.vuahanghieu.com/unsafe/0x900/left/top/smart/filters:quality(90)/https://admin.vuahanghieu.com/upload/product/2023/09/giay-sneaker-unisex-puma-rs-x-3d-harbor-mist-390025-01-mau-den-650181dbd7bf7-13092023163315.jpg',0,NULL,NULL),(19,7,NULL,'https://static.nike.com/a/images/t_default/9f0c78f7-f7f0-4778-8ba5-806ccfeac665/W+REACT+INFINITY+RUN+FK+2.png',0,NULL,NULL),(20,7,NULL,'https://static.nike.com/a/images/t_PDP_1280_v1/f_auto,q_auto:eco/1682a4d8-5784-4caa-bbc8-0472199a6097/custom-reactx-infinity-rn-4-by-you.png',0,NULL,NULL),(21,7,NULL,'https://bizweb.dktcdn.net/100/413/756/articles/nike-react-infinity-run-1.jpg?v=1609387888967',0,NULL,NULL),(22,8,NULL,'https://product.hstatic.net/1000391653/product/gv7002_3c94689d692d4580998339631f704858_master.jpg',0,NULL,NULL),(23,8,NULL,'https://encrypted-tbn0.gstatic.com/images?q=tbn:ANd9GcSzWSQO9hbbfxb5oT00UoFvMg00Ix5cfWOYjg&s',0,NULL,NULL),(24,8,NULL,'https://encrypted-tbn0.gstatic.com/images?q=tbn:ANd9GcREKqIJQ6noGkMQY2VJwTTevHnAtQ8_uxBv8g&s',0,NULL,NULL),(25,9,NULL,'https://bizweb.dktcdn.net/100/340/361/products/1011b486-024-sb-fl-glb-result.jpg?v=1713239886123',0,NULL,NULL),(26,9,NULL,'https://images.asics.com/is/image/asics/1012B313_501_SR_RT_GLB?$sfcc-product$',0,NULL,NULL),(27,10,NULL,'https://authentic-shoes.com/wp-content/uploads/2023/04/1110518-obpb-1_1024x1024_2x_00922adc81084aecae93584bb256f51f.png',0,NULL,NULL),(28,10,NULL,'https://encrypted-tbn0.gstatic.com/images?q=tbn:ANd9GcT3Em7Dbnpl6_ewuGHP25L4vHPMOiu_h2xWdA&s',0,NULL,NULL),(29,10,NULL,'https://authentic-shoes.com/wp-content/uploads/2023/04/1110518-obpb-1_1024x1024_2x_00922adc81084aecae93584bb256f51f.png',0,NULL,NULL),(30,11,NULL,'https://authentic-shoes.com/wp-content/uploads/2023/04/1110518-obpb-1_1024x1024_2x_00922adc81084aecae93584bb256f51f.png',0,NULL,NULL),(31,11,NULL,'https://authentic-shoes.com/wp-content/uploads/2023/04/1110518-obpb-1_1024x1024_2x_00922adc81084aecae93584bb256f51f.png',0,NULL,NULL),(32,11,NULL,'https://authentic-shoes.com/wp-content/uploads/2023/04/1110518-obpb-1_1024x1024_2x_00922adc81084aecae93584bb256f51f.png',0,NULL,NULL),(33,12,NULL,'https://authentic-shoes.com/wp-content/uploads/2023/04/1110518-obpb-1_1024x1024_2x_00922adc81084aecae93584bb256f51f.png',0,NULL,NULL),(34,12,NULL,'https://authentic-shoes.com/wp-content/uploads/2023/04/1110518-obpb-1_1024x1024_2x_00922adc81084aecae93584bb256f51f.png',0,NULL,NULL),(35,13,NULL,'https://authentic-shoes.com/wp-content/uploads/2023/04/1110518-obpb-1_1024x1024_2x_00922adc81084aecae93584bb256f51f.png',0,NULL,NULL),(36,13,NULL,'https://authentic-shoes.com/wp-content/uploads/2023/04/1110518-obpb-1_1024x1024_2x_00922adc81084aecae93584bb256f51f.png',0,NULL,NULL),(37,14,NULL,'https://authentic-shoes.com/wp-content/uploads/2023/04/1110518-obpb-1_1024x1024_2x_00922adc81084aecae93584bb256f51f.png',0,NULL,NULL),(38,14,NULL,'https://authentic-shoes.com/wp-content/uploads/2023/04/1110518-obpb-1_1024x1024_2x_00922adc81084aecae93584bb256f51f.png',0,NULL,NULL),(39,14,NULL,'https://authentic-shoes.com/wp-content/uploads/2023/04/1110518-obpb-1_1024x1024_2x_00922adc81084aecae93584bb256f51f.png',0,NULL,NULL),(40,15,NULL,'https://authentic-shoes.com/wp-content/uploads/2023/04/1110518-obpb-1_1024x1024_2x_00922adc81084aecae93584bb256f51f.png',0,NULL,NULL),(41,15,NULL,'https://authentic-shoes.com/wp-content/uploads/2023/04/1110518-obpb-1_1024x1024_2x_00922adc81084aecae93584bb256f51f.png',0,NULL,NULL),(42,15,NULL,'https://authentic-shoes.com/wp-content/uploads/2023/04/1110518-obpb-1_1024x1024_2x_00922adc81084aecae93584bb256f51f.png',0,NULL,NULL),(43,16,NULL,'https://authentic-shoes.com/wp-content/uploads/2023/04/1110518-obpb-1_1024x1024_2x_00922adc81084aecae93584bb256f51f.png',0,NULL,NULL),(44,16,NULL,'https://authentic-shoes.com/wp-content/uploads/2023/04/1110518-obpb-1_1024x1024_2x_00922adc81084aecae93584bb256f51f.png',0,NULL,NULL),(45,16,NULL,'https://authentic-shoes.com/wp-content/uploads/2023/04/1110518-obpb-1_1024x1024_2x_00922adc81084aecae93584bb256f51f.png',0,NULL,NULL),(46,17,NULL,'https://authentic-shoes.com/wp-content/uploads/2023/04/1110518-obpb-1_1024x1024_2x_00922adc81084aecae93584bb256f51f.png',0,NULL,NULL),(47,17,NULL,'https://authentic-shoes.com/wp-content/uploads/2023/04/1110518-obpb-1_1024x1024_2x_00922adc81084aecae93584bb256f51f.png',0,NULL,NULL),(48,17,NULL,'https://authentic-shoes.com/wp-content/uploads/2023/04/1110518-obpb-1_1024x1024_2x_00922adc81084aecae93584bb256f51f.png',0,NULL,NULL),(49,18,NULL,'https://authentic-shoes.com/wp-content/uploads/2023/04/1110518-obpb-1_1024x1024_2x_00922adc81084aecae93584bb256f51f.png',0,NULL,NULL),(50,18,NULL,'https://authentic-shoes.com/wp-content/uploads/2023/04/1110518-obpb-1_1024x1024_2x_00922adc81084aecae93584bb256f51f.png',0,NULL,NULL),(51,18,NULL,'https://authentic-shoes.com/wp-content/uploads/2023/04/1110518-obpb-1_1024x1024_2x_00922adc81084aecae93584bb256f51f.png',0,NULL,NULL),(52,19,NULL,'https://authentic-shoes.com/wp-content/uploads/2023/04/1110518-obpb-1_1024x1024_2x_00922adc81084aecae93584bb256f51f.png',0,NULL,NULL),(53,19,NULL,'https://authentic-shoes.com/wp-content/uploads/2023/04/1110518-obpb-1_1024x1024_2x_00922adc81084aecae93584bb256f51f.png',0,NULL,NULL),(54,19,NULL,'https://authentic-shoes.com/wp-content/uploads/2023/04/1110518-obpb-1_1024x1024_2x_00922adc81084aecae93584bb256f51f.png',0,NULL,NULL),(55,20,NULL,'https://authentic-shoes.com/wp-content/uploads/2023/04/1110518-obpb-1_1024x1024_2x_00922adc81084aecae93584bb256f51f.png',0,NULL,NULL),(56,20,NULL,'https://authentic-shoes.com/wp-content/uploads/2023/04/1110518-obpb-1_1024x1024_2x_00922adc81084aecae93584bb256f51f.png',0,NULL,NULL),(57,20,NULL,'https://authentic-shoes.com/wp-content/uploads/2023/04/1110518-obpb-1_1024x1024_2x_00922adc81084aecae93584bb256f51f.png',0,NULL,NULL),(58,20,NULL,'https://authentic-shoes.com/wp-content/uploads/2023/04/1110518-obpb-1_1024x1024_2x_00922adc81084aecae93584bb256f51f.png',0,NULL,NULL),(59,21,NULL,'https://authentic-shoes.com/wp-content/uploads/2023/04/1110518-obpb-1_1024x1024_2x_00922adc81084aecae93584bb256f51f.png',0,NULL,NULL),(60,21,NULL,'https://authentic-shoes.com/wp-content/uploads/2023/04/1110518-obpb-1_1024x1024_2x_00922adc81084aecae93584bb256f51f.png',0,NULL,NULL),(61,22,NULL,'https://authentic-shoes.com/wp-content/uploads/2023/04/1110518-obpb-1_1024x1024_2x_00922adc81084aecae93584bb256f51f.png',0,NULL,NULL),(62,22,NULL,'https://authentic-shoes.com/wp-content/uploads/2023/04/1110518-obpb-1_1024x1024_2x_00922adc81084aecae93584bb256f51f.png',0,NULL,NULL),(63,23,NULL,'https://authentic-shoes.com/wp-content/uploads/2023/04/1110518-obpb-1_1024x1024_2x_00922adc81084aecae93584bb256f51f.png',0,NULL,NULL),(64,23,NULL,'https://authentic-shoes.com/wp-content/uploads/2023/04/1110518-obpb-1_1024x1024_2x_00922adc81084aecae93584bb256f51f.png',0,NULL,NULL),(65,24,NULL,'https://authentic-shoes.com/wp-content/uploads/2023/04/1110518-obpb-1_1024x1024_2x_00922adc81084aecae93584bb256f51f.png',0,NULL,NULL),(66,24,NULL,'https://authentic-shoes.com/wp-content/uploads/2023/04/1110518-obpb-1_1024x1024_2x_00922adc81084aecae93584bb256f51f.png',0,NULL,NULL),(67,25,NULL,'https://authentic-shoes.com/wp-content/uploads/2023/04/1110518-obpb-1_1024x1024_2x_00922adc81084aecae93584bb256f51f.png',0,NULL,NULL),(68,25,NULL,'https://authentic-shoes.com/wp-content/uploads/2023/04/1110518-obpb-1_1024x1024_2x_00922adc81084aecae93584bb256f51f.png',0,NULL,NULL),(69,26,NULL,'https://authentic-shoes.com/wp-content/uploads/2023/04/1110518-obpb-1_1024x1024_2x_00922adc81084aecae93584bb256f51f.png',0,NULL,NULL),(70,26,NULL,'https://authentic-shoes.com/wp-content/uploads/2023/04/1110518-obpb-1_1024x1024_2x_00922adc81084aecae93584bb256f51f.png',0,NULL,NULL),(71,27,NULL,'https://authentic-shoes.com/wp-content/uploads/2023/04/1110518-obpb-1_1024x1024_2x_00922adc81084aecae93584bb256f51f.png',0,NULL,NULL),(72,27,NULL,'https://authentic-shoes.com/wp-content/uploads/2023/04/1110518-obpb-1_1024x1024_2x_00922adc81084aecae93584bb256f51f.png',0,NULL,NULL),(73,28,NULL,'https://authentic-shoes.com/wp-content/uploads/2023/04/1110518-obpb-1_1024x1024_2x_00922adc81084aecae93584bb256f51f.png',0,NULL,NULL),(74,28,NULL,'https://authentic-shoes.com/wp-content/uploads/2023/04/1110518-obpb-1_1024x1024_2x_00922adc81084aecae93584bb256f51f.png',0,NULL,NULL),(75,29,NULL,'https://authentic-shoes.com/wp-content/uploads/2023/04/1110518-obpb-1_1024x1024_2x_00922adc81084aecae93584bb256f51f.png',0,NULL,NULL),(76,29,NULL,'https://authentic-shoes.com/wp-content/uploads/2023/04/1110518-obpb-1_1024x1024_2x_00922adc81084aecae93584bb256f51f.png',0,NULL,NULL),(77,30,NULL,'https://authentic-shoes.com/wp-content/uploads/2023/04/1110518-obpb-1_1024x1024_2x_00922adc81084aecae93584bb256f51f.png',0,NULL,NULL),(78,30,NULL,'https://authentic-shoes.com/wp-content/uploads/2023/04/1110518-obpb-1_1024x1024_2x_00922adc81084aecae93584bb256f51f.png',0,NULL,NULL),(79,13,NULL,'https://authentic-shoes.com/wp-content/uploads/2023/04/1110518-obpb-1_1024x1024_2x_00922adc81084aecae93584bb256f51f.png',0,NULL,NULL),(80,41,'a','https://dongphucba.com/upload/product/15/82/79/dep-to-ong-nhieu-mau-image-20200227151005-647303.jpg',1,'2024-10-24','2024-10-24'),(81,41,'a','https://product.hstatic.net/200000427375/product/4_a6e238a0986b499a94916eba374cea6e.png',0,'2024-10-24','2024-10-24'),(82,41,'a','https://lh5.googleusercontent.com/proxy/SsoXtVCYrf3r0l__P0DvA9NoFm3U2LQOarbaJ7N4Sfka73z23WplJbUrqjdzHMjIk4vmJDegU0dsC8vUh52pN9FWdUMEahHWD7QgObVIcl-rUqrZkQnoL7ZQ9lQAjnrLJHZ2dls',0,'2024-10-24','2024-10-24'),(83,41,'a','https://sieuthisieure.vn/SalesUploads/141/19082018/363c79ba-d5ff-4a6e-8e0d-df8e736d17da.jpg',0,'2024-10-24','2024-10-24'),(84,41,'a','https://3.bp.blogspot.com/-_ANu_-wEk7U/WjSZPrESLQI/AAAAAAAAAYo/PiPZ3rfwg9IyBDGC-TXUQd1DKZaDOuLDgCLcBGAs/s1600/2.jpg',0,'2024-10-24','2024-10-24'),(85,41,'a','https://nguoiduatin.mediacdn.vn/public/data/images/tran-thi-thuy/thang122012/tuan3/nguoiduatin-dep.jpg',0,'2024-10-24','2024-10-24'),(86,42,'a','https://dongphucba.com/upload/product/15/82/79/dep-to-ong-nhieu-mau-image-20200227151005-647303.jpg',1,'2024-10-24','2024-10-24'),(87,42,'a','https://product.hstatic.net/200000427375/product/4_a6e238a0986b499a94916eba374cea6e.png',0,'2024-10-24','2024-10-24'),(88,42,'a','https://lh5.googleusercontent.com/proxy/SsoXtVCYrf3r0l__P0DvA9NoFm3U2LQOarbaJ7N4Sfka73z23WplJbUrqjdzHMjIk4vmJDegU0dsC8vUh52pN9FWdUMEahHWD7QgObVIcl-rUqrZkQnoL7ZQ9lQAjnrLJHZ2dls',0,'2024-10-24','2024-10-24'),(89,42,'a','https://sieuthisieure.vn/SalesUploads/141/19082018/363c79ba-d5ff-4a6e-8e0d-df8e736d17da.jpg',0,'2024-10-24','2024-10-24'),(90,42,'a','https://3.bp.blogspot.com/-_ANu_-wEk7U/WjSZPrESLQI/AAAAAAAAAYo/PiPZ3rfwg9IyBDGC-TXUQd1DKZaDOuLDgCLcBGAs/s1600/2.jpg',0,'2024-10-24','2024-10-24'),(91,42,'a','https://nguoiduatin.mediacdn.vn/public/data/images/tran-thi-thuy/thang122012/tuan3/nguoiduatin-dep.jpg',0,'2024-10-24','2024-10-24');
/*!40000 ALTER TABLE `spu_images` ENABLE KEYS */;

--
-- Table structure for table `user_entity`
--

DROP TABLE IF EXISTS `user_entity`;
/*!40101 SET @saved_cs_client     = @@character_set_client */;
/*!50503 SET character_set_client = utf8mb4 */;
CREATE TABLE `user_entity` (
  `id` bigint NOT NULL AUTO_INCREMENT,
  `email` varchar(255) DEFAULT NULL,
  `name` varchar(255) DEFAULT NULL,
  PRIMARY KEY (`id`)
) ENGINE=InnoDB DEFAULT CHARSET=utf8mb4 COLLATE=utf8mb4_0900_ai_ci;
/*!40101 SET character_set_client = @saved_cs_client */;

--
-- Dumping data for table `user_entity`
--

/*!40000 ALTER TABLE `user_entity` DISABLE KEYS */;
/*!40000 ALTER TABLE `user_entity` ENABLE KEYS */;

--
-- Table structure for table `wards`
--

DROP TABLE IF EXISTS `wards`;
/*!40101 SET @saved_cs_client     = @@character_set_client */;
/*!50503 SET character_set_client = utf8mb4 */;
CREATE TABLE `wards` (
  `code` varchar(255) NOT NULL,
  `name` varchar(255) NOT NULL,
  `name_en` varchar(255) DEFAULT NULL,
  `full_name` varchar(255) DEFAULT NULL,
  `full_name_en` varchar(255) DEFAULT NULL,
  `code_name` varchar(255) DEFAULT NULL,
  `district_code` varchar(20) DEFAULT NULL,
  `administrative_unit_id` int DEFAULT NULL,
  PRIMARY KEY (`code`),
  KEY `idx_wards_district` (`district_code`),
  KEY `idx_wards_unit` (`administrative_unit_id`),
  CONSTRAINT `wards_administrative_unit_id_fkey` FOREIGN KEY (`administrative_unit_id`) REFERENCES `administrative_units` (`id`),
  CONSTRAINT `wards_district_code_fkey` FOREIGN KEY (`district_code`) REFERENCES `districts` (`code`)
) ENGINE=InnoDB DEFAULT CHARSET=utf8mb4 COLLATE=utf8mb4_0900_ai_ci;
/*!40101 SET character_set_client = @saved_cs_client */;

--
-- Dumping data for table `wards`
--

/*!40000 ALTER TABLE `wards` DISABLE KEYS */;
/*!40000 ALTER TABLE `wards` ENABLE KEYS */;

--
-- Dumping routines for database 'runtraildb'
--
/*!40103 SET TIME_ZONE=@OLD_TIME_ZONE */;

/*!40101 SET SQL_MODE=@OLD_SQL_MODE */;
/*!40014 SET FOREIGN_KEY_CHECKS=@OLD_FOREIGN_KEY_CHECKS */;
/*!40014 SET UNIQUE_CHECKS=@OLD_UNIQUE_CHECKS */;
/*!40101 SET CHARACTER_SET_CLIENT=@OLD_CHARACTER_SET_CLIENT */;
/*!40101 SET CHARACTER_SET_RESULTS=@OLD_CHARACTER_SET_RESULTS */;
/*!40101 SET COLLATION_CONNECTION=@OLD_COLLATION_CONNECTION */;
/*!40111 SET SQL_NOTES=@OLD_SQL_NOTES */;

-- Dump completed on 2024-11-20 19:56:51